source,title,summary,link
Google News,"Canada Commits Billions in Defense Spending to Meet NATO Target, Mark Carney Says - The New York Times","<a href=""https://news.google.com/rss/articles/CBMikwFBVV95cUxNdzdRQmltLTk2Rk9DdUpwMW1qbTJKckFWTTVlYmdqdGtjc1d2U1hSVnd2OVBDbF9FY3QxMENFN1MtV2dMWmd6UzN2bTdyRkt2Z3pDVktGODFoX0Q3QzhmNzgteWlaZUhNSFVXWG1BbEV0SXlNMzF0bWFTczJwaUk0bGx4TzAxZlFRckIwYmFZT3VWQ1U?oc=5"" target=""_blank"">Canada Commits Billions in Defense Spending to Meet NATO Target, Mark Carney Says</a>&nbsp;&nbsp;<font color=""#6f6f6f"">The New York Times</font>",https://news.google.com/rss/articles/CBMikwFBVV95cUxNdzdRQmltLTk2Rk9DdUpwMW1qbTJKckFWTTVlYmdqdGtjc1d2U1hSVnd2OVBDbF9FY3QxMENFN1MtV2dMWmd6UzN2bTdyRkt2Z3pDVktGODFoX0Q3QzhmNzgteWlaZUhNSFVXWG1BbEV0SXlNMzF0bWFTczJwaUk0bGx4TzAxZlFRckIwYmFZT3VWQ1U?oc=5
Google News,Canada pledges to meet Nato's 2% defence spending target sooner - BBC,"<a href=""https://news.google.com/rss/articles/CBMiWkFVX3lxTE5mSUdLcWw1WWl6aVRtSk9UcGRfVmdQYlUxTlZmTjgzNnFpaUVsSmJ2T01rQUpIWHlwMktBaXA0bmo3eThDZGRvVVFnRHhRLXVBbEVBb2hLRTdYd9IBX0FVX3lxTE5USTAwVWRtcWRoUGdLWGdoeGdDVUxWaEwyYVE1TExxR18zWXNoLXd1ZGptLU9uSWJqVVl0d2hNaExCTTdLTEtkeXhESXdVSnljajIzTXlPMVFGaE1Ga1p3?oc=5"" target=""_blank"">Canada pledges to meet Nato's 2% defence spending target sooner</a>&nbsp;&nbsp;<font color=""#6f6f6f"">BBC</font>",https://news.google.com/rss/articles/CBMiWkFVX3lxTE5mSUdLcWw1WWl6aVRtSk9UcGRfVmdQYlUxTlZmTjgzNnFpaUVsSmJ2T01rQUpIWHlwMktBaXA0bmo3eThDZGRvVVFnRHhRLXVBbEVBb2hLRTdYd9IBX0FVX3lxTE5USTAwVWRtcWRoUGdLWGdoeGdDVUxWaEwyYVE1TExxR18zWXNoLXd1ZGptLU9uSWJqVVl0d2hNaExCTTdLTEtkeXhESXdVSnljajIzTXlPMVFGaE1Ga1p3?oc=5
Google News,Carney says Canada will meet NATO spending target this year - Politico,"<a href=""https://news.google.com/rss/articles/CBMilwFBVV95cUxOMEVucTFseWRXYXRUYVNUMFlIZktDMFVVTVpGVm1USTBTN2s2bWpDSXlnLWpXZkVwd1ppV3RWMWctZnJIX2dpNzBUUkZDRDRLRDJST2lVc1BWU1VJZmU1ZWJKd2I4aWVnWXNTRUMweEhzZzl6S29zRUZhV0Y4NmcyX1hZb2dtSHpCWktNU09HcTdJblpPWXlV?oc=5"" target=""_blank"">Carney says Canada will meet NATO spending target this year</a>&nbsp;&nbsp;<font color=""#6f6f6f"">Politico</font>",https://news.google.com/rss/articles/CBMilwFBVV95cUxOMEVucTFseWRXYXRUYVNUMFlIZktDMFVVTVpGVm1USTBTN2s2bWpDSXlnLWpXZkVwd1ppV3RWMWctZnJIX2dpNzBUUkZDRDRLRDJST2lVc1BWU1VJZmU1ZWJKd2I4aWVnWXNTRUMweEhzZzl6S29zRUZhV0Y4NmcyX1hZb2dtSHpCWktNU09HcTdJblpPWXlV?oc=5
Google News,"'These are Muslim values, these are Canadian values': PM Mark Carney trolled on social media for his Eid message - Times of India","<a href=""https://news.google.com/rss/articles/CBMimgJBVV95cUxOMnVOR1ZPeWVSZmxuSHgxbEQ4TWxfQzU2THUxcm0zV25jMFdfQV9zVUFHWlNRbE5PYi1IX0twcTd6N095dkZEY1drc0J4T1hjN2NhRnF3aHNuQmhjN0VJMHU1UlB4Zm0tSjZYeGVIc1J2VTROTE9OdDZsSmlRcU0tdzhsdVoxTzFRRUEzeTdkSHFyUjg1ODJWSzZlc0s1UG1HWW1RQk1CTm1PVzNOU2VubXVCZlBPTnZUUklUNmFOWmpjclMyMm1zdjR4Z3A3Tnh0SjJHTE5jb3FDbUpPWEZJWW1yOFp1dmtYbjktTzNxWEtMT3ItczZURWpESVpaYzc1eVNoQW5YTUE0VlhUby04Vy05QjJTYmU5VUE?oc=5"" target=""_blank"">'These are Muslim values, these are Canadian values': PM Mark Carney trolled on social media for his Eid message</a>&nbsp;&nbsp;<font color=""#6f6f6f"">Times of India</font>",https://news.google.com/rss/articles/CBMimgJBVV95cUxOMnVOR1ZPeWVSZmxuSHgxbEQ4TWxfQzU2THUxcm0zV25jMFdfQV9zVUFHWlNRbE5PYi1IX0twcTd6N095dkZEY1drc0J4T1hjN2NhRnF3aHNuQmhjN0VJMHU1UlB4Zm0tSjZYeGVIc1J2VTROTE9OdDZsSmlRcU0tdzhsdVoxTzFRRUEzeTdkSHFyUjg1ODJWSzZlc0s1UG1HWW1RQk1CTm1PVzNOU2VubXVCZlBPTnZUUklUNmFOWmpjclMyMm1zdjR4Z3A3Tnh0SjJHTE5jb3FDbUpPWEZJWW1yOFp1dmtYbjktTzNxWEtMT3ItczZURWpESVpaYzc1eVNoQW5YTUE0VlhUby04Vy05QjJTYmU5VUE?oc=5
Google News,"Canada to announce new security and defence investment plan, Globe and Mail reports - Reuters","<a href=""https://news.google.com/rss/articles/CBMizwFBVV95cUxNc0JlU3M4ZnRZTm1YcWt1MkpFZzZRajdhNGVSeDE4Nmp2NkdYTnhqMkE5aTh0TnRkOWFuelVuN1NEYmJVLW1WZzI4ZHFTeDdseGFzRy1zSi05ZjVZbEpkeVIwMzQxRFdGSnp0VG1mdUJYOC1lNklwM3lxdlpEaFVoNzh4cjVaTnltRTJFUnFDVmF2ckRlN0s2cXB1eThLZ0tHZlBtZ2ZlV01qMXptd3J0bTFWOVFkcVhRNVM4NVdfR1ltZFZ0WVFKQnA3ZHA1dm8?oc=5"" target=""_blank"">Canada to announce new security and defence investment plan, Globe and Mail reports</a>&nbsp;&nbsp;<font color=""#6f6f6f"">Reuters</font>",https://news.google.com/rss/articles/CBMizwFBVV95cUxNc0JlU3M4ZnRZTm1YcWt1MkpFZzZRajdhNGVSeDE4Nmp2NkdYTnhqMkE5aTh0TnRkOWFuelVuN1NEYmJVLW1WZzI4ZHFTeDdseGFzRy1zSi05ZjVZbEpkeVIwMzQxRFdGSnp0VG1mdUJYOC1lNklwM3lxdlpEaFVoNzh4cjVaTnltRTJFUnFDVmF2ckRlN0s2cXB1eThLZ0tHZlBtZ2ZlV01qMXptd3J0bTFWOVFkcVhRNVM4NVdfR1ltZFZ0WVFKQnA3ZHA1dm8?oc=5
Google News,Mark Carney says Canada to hit Nato spending target this year - Financial Times,"<a href=""https://news.google.com/rss/articles/CBMicEFVX3lxTE1FTGwzd0M2Yl9wcU02MjdLN1pMRjduc1NkTjdibzRfUHVTSjFBZ3REZzhJNVFmSjQxQ0lVbEVEUlRnaWRvQ3hJRU5HVWlqV1VIN2otck41cFJPNDYtUEc2RVVHaGhJR1I3M1F6dEx1Rkc?oc=5"" target=""_blank"">Mark Carney says Canada to hit Nato spending target this year</a>&nbsp;&nbsp;<font color=""#6f6f6f"">Financial Times</font>",https://news.google.com/rss/articles/CBMicEFVX3lxTE1FTGwzd0M2Yl9wcU02MjdLN1pMRjduc1NkTjdibzRfUHVTSjFBZ3REZzhJNVFmSjQxQ0lVbEVEUlRnaWRvQ3hJRU5HVWlqV1VIN2otck41cFJPNDYtUEc2RVVHaGhJR1I3M1F6dEx1Rkc?oc=5
Google News,Carney Rules Out Tax Increases to Finance Higher Canada Defense Spending - WSJ,"<a href=""https://news.google.com/rss/articles/CBMitANBVV95cUxQVXpHWEk0WHJpdEx6M1FQUFdQcnNoUHFhQkN0SUdKbVRKQXNQVFdKSGdOQ09fbTRBMUJENmhCNW1Hc0dUYWJUWlFDYXlnWm5NUDRQenNIMXItMEt6RW5BanpEUUc1Rlg2MGN2T2N2alhrMGsyRnNZQlF2SXV0RktNMVE0bEZsRU5vS0l6NGMtV3NDR24xT3ZidnNWRG1pSTBSMWtWVXhoODB3UDhicDloT3N1enZBT3RZQkNUamYxZW12NzRZRFJoSDdyazBpSEx1U3drUjJxT2xTMl83d0FINmxpX2M4UVUwU3hRdGJBV2hqVEFxSFlVMjN6c2dXUHZKZ3NPaTNlRkxZZ2tOMDJJYlF6VHVuUV92Vk12dlhBbXl2X1dTREtFQWZlQ3hYWFo4ZHhxVTZCNmZ1elJOYldXZFY4YXhNYVVvMU9JT0dQUWJNbjlDQ0JXWTFGZW9Cbk5selBHYmJpaGRHZF9mS0F0ZHJ2My01aVhDdGJ4THNEQnZOdnJWN3cwT3YwcWxKejNCS1dOdVFXRWFMc2FfcVN6ZzktQmc4YmRhVmdqeWE2SzVGdlVN?oc=5"" target=""_blank"">Carney Rules Out Tax Increases to Finance Higher Canada Defense Spending</a>&nbsp;&nbsp;<font color=""#6f6f6f"">WSJ</font>",https://news.google.com/rss/articles/CBMitANBVV95cUxQVXpHWEk0WHJpdEx6M1FQUFdQcnNoUHFhQkN0SUdKbVRKQXNQVFdKSGdOQ09fbTRBMUJENmhCNW1Hc0dUYWJUWlFDYXlnWm5NUDRQenNIMXItMEt6RW5BanpEUUc1Rlg2MGN2T2N2alhrMGsyRnNZQlF2SXV0RktNMVE0bEZsRU5vS0l6NGMtV3NDR24xT3ZidnNWRG1pSTBSMWtWVXhoODB3UDhicDloT3N1enZBT3RZQkNUamYxZW12NzRZRFJoSDdyazBpSEx1U3drUjJxT2xTMl83d0FINmxpX2M4UVUwU3hRdGJBV2hqVEFxSFlVMjN6c2dXUHZKZ3NPaTNlRkxZZ2tOMDJJYlF6VHVuUV92Vk12dlhBbXl2X1dTREtFQWZlQ3hYWFo4ZHhxVTZCNmZ1elJOYldXZFY4YXhNYVVvMU9JT0dQUWJNbjlDQ0JXWTFGZW9Cbk5selBHYmJpaGRHZF9mS0F0ZHJ2My01aVhDdGJ4THNEQnZOdnJWN3cwT3YwcWxKejNCS1dOdVFXRWFMc2FfcVN6ZzktQmc4YmRhVmdqeWE2SzVGdlVN?oc=5
Google News,"Canada plans to hit NATO spending target early and reduce reliance on US defense, Carney says - CNN","<a href=""https://news.google.com/rss/articles/CBMigAFBVV95cUxNeUtEVFZvU053VHcyQkpFSnlvNGRaWnBZV3lqV1gxNVJpTnVRQ3lsYkFBYzRnSlJaZGVrMDk3Sm1lU1g3Q0tpTjZ4ODBhalI5SzFOQ3VmOFdDQWhYSTg0N0lQeXBlRUVtd2xCWE1Bd1EtdjlKakRhWlVpRWR0c3F0StIBhgFBVV95cUxQdjE2Ny1xNTd1WGdTYU5lWWZBUThuTFNKZ0p3eThWb0U0dDJFc2VNOU1RMDcyRnItUVYxb2t2enlyTWIwWGpQSmExRFAzS2lKQWlMWFBTMWlwZDNmUDdoWEhBUGNTYXQ5alRjUGhBSFJST3paZzNvOGF3STlaazJqWGVKR2pqQQ?oc=5"" target=""_blank"">Canada plans to hit NATO spending target early and reduce reliance on US defense, Carney says</a>&nbsp;&nbsp;<font color=""#6f6f6f"">CNN</font>",https://news.google.com/rss/articles/CBMigAFBVV95cUxNeUtEVFZvU053VHcyQkpFSnlvNGRaWnBZV3lqV1gxNVJpTnVRQ3lsYkFBYzRnSlJaZGVrMDk3Sm1lU1g3Q0tpTjZ4ODBhalI5SzFOQ3VmOFdDQWhYSTg0N0lQeXBlRUVtd2xCWE1Bd1EtdjlKakRhWlVpRWR0c3F0StIBhgFBVV95cUxQdjE2Ny1xNTd1WGdTYU5lWWZBUThuTFNKZ0p3eThWb0U0dDJFc2VNOU1RMDcyRnItUVYxb2t2enlyTWIwWGpQSmExRFAzS2lKQWlMWFBTMWlwZDNmUDdoWEhBUGNTYXQ5alRjUGhBSFJST3paZzNvOGF3STlaazJqWGVKR2pqQQ?oc=5
Google News,Mark Carney revives tough talk about America and warns ‘a new imperialism threatens’ - Toronto Star,"<a href=""https://news.google.com/rss/articles/CBMigwJBVV95cUxOdGE3ZXJ2a005REctaGlRVFVmWEVWTUxQN3llRklJYzFZZFdySVgtYlRvaEUxUHVJQ20wTUVoVTZlZFlneTZPSHlHNjd4a0lJZUhnU1NucVVjLUhMcGt6Q1RKdTdTbkZDRXNkc3gtMUVaRjFWYlFTbjY1S1dMaEpqWG5fZkVxblNtQ3ZYNXlNUnoxbnNQVU5hOWszWW1KN1M5SzVtd3BTRzd2cTZKcExIWEs4aFh5VTJQQWhhaUdmUXllb0lxZ2JtMHdTSnJOSWRkS1NtNjhMYVd5bVNNZlVRS1FTaUFrbDR5YjBwTDFmOTYzdlFyTWFxUmZqWEJfLWNLbTNv?oc=5"" target=""_blank"">Mark Carney revives tough talk about America and warns ‘a new imperialism threatens’</a>&nbsp;&nbsp;<font color=""#6f6f6f"">Toronto Star</font>",https://news.google.com/rss/articles/CBMigwJBVV95cUxOdGE3ZXJ2a005REctaGlRVFVmWEVWTUxQN3llRklJYzFZZFdySVgtYlRvaEUxUHVJQ20wTUVoVTZlZFlneTZPSHlHNjd4a0lJZUhnU1NucVVjLUhMcGt6Q1RKdTdTbkZDRXNkc3gtMUVaRjFWYlFTbjY1S1dMaEpqWG5fZkVxblNtQ3ZYNXlNUnoxbnNQVU5hOWszWW1KN1M5SzVtd3BTRzd2cTZKcExIWEs4aFh5VTJQQWhhaUdmUXllb0lxZ2JtMHdTSnJOSWRkS1NtNjhMYVd5bVNNZlVRS1FTaUFrbDR5YjBwTDFmOTYzdlFyTWFxUmZqWEJfLWNLbTNv?oc=5
Google News,John Ivison: Carney now has billions of reasons to buy fighter planes other than F-35s - National Post,"<a href=""https://news.google.com/rss/articles/CBMiYkFVX3lxTE5Qa3hldExWallHRTAyWkllNXNPSjVFdWk4Y1B3QllnUUY0R2xKRDhmWGk4WDdEOVI5XzFLVjdGTktUM25QS19aU1JidlRzZDdrWUdiaUNUcURQSEh0Y2ZZT1Zn?oc=5"" target=""_blank"">John Ivison: Carney now has billions of reasons to buy fighter planes other than F-35s</a>&nbsp;&nbsp;<font color=""#6f6f6f"">National Post</font>",https://news.google.com/rss/articles/CBMiYkFVX3lxTE5Qa3hldExWallHRTAyWkllNXNPSjVFdWk4Y1B3QllnUUY0R2xKRDhmWGk4WDdEOVI5XzFLVjdGTktUM25QS19aU1JidlRzZDdrWUdiaUNUcURQSEh0Y2ZZT1Zn?oc=5
Google News,"Canada vows to meet NATO defense budget target early, US welcomes news - Reuters","<a href=""https://news.google.com/rss/articles/CBMizAFBVV95cUxQZm1nZ3hEdHVzYVI4MXZiaE84dDAyRWZEd1N3MHhVV1ZHVFh0NVV4WkRWdElFZUxzMnNRSzRKYnZhRnJVdGNXdllwTlpyR2tFMUNIMlIwUFhtN1FLZUhXQlU0VjdWS2NPM0JPX3cydXoyVm0ta3BRWklTVDZXeWdmamxhTEprUGFOZUlRdkVlWW9FM0kzVGFRdk5UcnViR1FrNFU0aXA3X3JaTFlxTUFsN3A4dnE0N2pSalRMdDR0WjZPVXN2R211ZkxhLXo?oc=5"" target=""_blank"">Canada vows to meet NATO defense budget target early, US welcomes news</a>&nbsp;&nbsp;<font color=""#6f6f6f"">Reuters</font>",https://news.google.com/rss/articles/CBMizAFBVV95cUxQZm1nZ3hEdHVzYVI4MXZiaE84dDAyRWZEd1N3MHhVV1ZHVFh0NVV4WkRWdElFZUxzMnNRSzRKYnZhRnJVdGNXdllwTlpyR2tFMUNIMlIwUFhtN1FLZUhXQlU0VjdWS2NPM0JPX3cydXoyVm0ta3BRWklTVDZXeWdmamxhTEprUGFOZUlRdkVlWW9FM0kzVGFRdk5UcnViR1FrNFU0aXA3X3JaTFlxTUFsN3A4dnE0N2pSalRMdDR0WjZPVXN2R211ZkxhLXo?oc=5
Google News,Canada boosts defense spending to hit NATO's 2% target early - DW,"<a href=""https://news.google.com/rss/articles/CBMilgFBVV95cUxQb3hWNlFUME5MSXdoclFGZFR1MUl5UW9MTXB3cGU2OHVKR0FoV1dZdnhyeDNmQUpEUU9rS2RoMVFWY08zSjhEWkl4VHpSbGtobkdiVHRQU1N6bGNhNk5Lc0Y0Vms0elZtZTR1c0tobkFGVTA2amNteTBkdEFVb2VDZ0VJaVJsbDN6anlwYXlfNnNYenFZMmfSAZYBQVVfeXFMUF9Dc0RHVFFUcllQYUdEYXNmdFRwVzRhV1ZIc0JJLUtucVVBWjIyZXB0TEV3TjFOdnNVSl9PSXBlUVV3UEVoeVNTd29WcVZpaldEWUJxbDFweE9EczlpUEdob05KaGN1Nkxjdm5HWWR3dkhMYWpsZF9pckx3b1pESjBlSzZ6U0R1LURqQXFDZnh3SE9WeHh3?oc=5"" target=""_blank"">Canada boosts defense spending to hit NATO's 2% target early</a>&nbsp;&nbsp;<font color=""#6f6f6f"">DW</font>",https://news.google.com/rss/articles/CBMilgFBVV95cUxQb3hWNlFUME5MSXdoclFGZFR1MUl5UW9MTXB3cGU2OHVKR0FoV1dZdnhyeDNmQUpEUU9rS2RoMVFWY08zSjhEWkl4VHpSbGtobkdiVHRQU1N6bGNhNk5Lc0Y0Vms0elZtZTR1c0tobkFGVTA2amNteTBkdEFVb2VDZ0VJaVJsbDN6anlwYXlfNnNYenFZMmfSAZYBQVVfeXFMUF9Dc0RHVFFUcllQYUdEYXNmdFRwVzRhV1ZIc0JJLUtucVVBWjIyZXB0TEV3TjFOdnNVSl9PSXBlUVV3UEVoeVNTd29WcVZpaldEWUJxbDFweE9EczlpUEdob05KaGN1Nkxjdm5HWWR3dkhMYWpsZF9pckx3b1pESjBlSzZ6U0R1LURqQXFDZnh3SE9WeHh3?oc=5
Google News,Earth to Mark Carney: ‘Decarbonized Oil’ Is as Real as Vitamin Cigarettes - DeSmog,"<a href=""https://news.google.com/rss/articles/CBMiqAFBVV95cUxQd3pKRUVXTEVKdjhrUzJUOGpwUXA2RHFRMXJBWXB4ZzVLeTdsMGFMVTh5elJlSWxWUjE2TE8xSzRSQUstTDF2Y3BXVTRGVHNWa0xYNEVsQ1NrTGRybTdtc0VfM0hFMUpLc1lya09vcnEyZ0RBNDRZTTQ0M05tWWg0X3JFeWM4SzZ2ZlJkVEJHbm5Qd3Z4eGZla2FRdVNOdlpUOHF1VFVzUmE?oc=5"" target=""_blank"">Earth to Mark Carney: ‘Decarbonized Oil’ Is as Real as Vitamin Cigarettes</a>&nbsp;&nbsp;<font color=""#6f6f6f"">DeSmog</font>",https://news.google.com/rss/articles/CBMiqAFBVV95cUxQd3pKRUVXTEVKdjhrUzJUOGpwUXA2RHFRMXJBWXB4ZzVLeTdsMGFMVTh5elJlSWxWUjE2TE8xSzRSQUstTDF2Y3BXVTRGVHNWa0xYNEVsQ1NrTGRybTdtc0VfM0hFMUpLc1lya09vcnEyZ0RBNDRZTTQ0M05tWWg0X3JFeWM4SzZ2ZlJkVEJHbm5Qd3Z4eGZla2FRdVNOdlpUOHF1VFVzUmE?oc=5
Google News,"Canada to meet NATO spending threshold before schedule, Carney says - Al Jazeera","<a href=""https://news.google.com/rss/articles/CBMiqgFBVV95cUxQdmdHdVkxb0YxNzBWYk11VS0wRmk4dkNtN2tBOTZtSHF3aVlMMGV6ZGlIclBBSXk1MXFTNXJtcFlyaVlIeDdvZWRTQTE2YUhkeDR3bWMwSHZPdURFUUk5OC0tTjd0dnpUZ1RZSV8zdEw1YnRQNUYxRmowYTZZLWpfelY2dkVkZFdwd2xoZUNtT2pRUHA5V1UxcHZYb3RfaERDUk9rSnFHRE53UdIBrwFBVV95cUxNYkhIMHlQQ19NbUpkNlpDNzViemQ5NUctSFI2bFVtZ2k4TmRycjlYLW9lcHB5Tjdtbi1rT0dQejNpTWFrMlVUT0pHeWsyc19wVFZWdzdVcmNpYklOR1FlUXBPbnl1dmtxSnF4Z1dFdC14ejB3S25SZzdUc1dFeGpQbkZuWktla0xoLTNDbnJET0lNSlZNZXB5QmlIN1M5dE9oSVA5ZUd6Sld6ZlpZMk5v?oc=5"" target=""_blank"">Canada to meet NATO spending threshold before schedule, Carney says</a>&nbsp;&nbsp;<font color=""#6f6f6f"">Al Jazeera</font>",https://news.google.com/rss/articles/CBMiqgFBVV95cUxQdmdHdVkxb0YxNzBWYk11VS0wRmk4dkNtN2tBOTZtSHF3aVlMMGV6ZGlIclBBSXk1MXFTNXJtcFlyaVlIeDdvZWRTQTE2YUhkeDR3bWMwSHZPdURFUUk5OC0tTjd0dnpUZ1RZSV8zdEw1YnRQNUYxRmowYTZZLWpfelY2dkVkZFdwd2xoZUNtT2pRUHA5V1UxcHZYb3RfaERDUk9rSnFHRE53UdIBrwFBVV95cUxNYkhIMHlQQ19NbUpkNlpDNzViemQ5NUctSFI2bFVtZ2k4TmRycjlYLW9lcHB5Tjdtbi1rT0dQejNpTWFrMlVUT0pHeWsyc19wVFZWdzdVcmNpYklOR1FlUXBPbnl1dmtxSnF4Z1dFdC14ejB3S25SZzdUc1dFeGpQbkZuWktla0xoLTNDbnJET0lNSlZNZXB5QmlIN1M5dE9oSVA5ZUd6Sld6ZlpZMk5v?oc=5
Google News,"Lorne Gunter: Never mind the numbers, Carney's pledge to boost defence spending is welcome news - Edmonton Journal","<a href=""https://news.google.com/rss/articles/CBMixwFBVV95cUxNdkZfcEd4MDlMcldPUlVaU3pFUFNyRk5YQktMZktYZjdPSzI0VFFrNXBaM1RnbDQ5dmI2NDRaVkFlNDgtNzVQLVNURHRSQ0haanNVRElSMnI5cWVwd3BqQXhiZ2dxMHU0alFwOWgwYllNeEtvQ2hITkJWMmpWRmVNeFpVdHNPelJldGN4cjRSV1FrZFZmRkJUZlhKRUF1Qi1XWGFwNHVRbGRJd1dEVFZfX1VxVnFubHFUb0V6WTc0ZUpSOGpMQmhj?oc=5"" target=""_blank"">Lorne Gunter: Never mind the numbers, Carney's pledge to boost defence spending is welcome news</a>&nbsp;&nbsp;<font color=""#6f6f6f"">Edmonton Journal</font>",https://news.google.com/rss/articles/CBMixwFBVV95cUxNdkZfcEd4MDlMcldPUlVaU3pFUFNyRk5YQktMZktYZjdPSzI0VFFrNXBaM1RnbDQ5dmI2NDRaVkFlNDgtNzVQLVNURHRSQ0haanNVRElSMnI5cWVwd3BqQXhiZ2dxMHU0alFwOWgwYllNeEtvQ2hITkJWMmpWRmVNeFpVdHNPelJldGN4cjRSV1FrZFZmRkJUZlhKRUF1Qi1XWGFwNHVRbGRJd1dEVFZfX1VxVnFubHFUb0V6WTc0ZUpSOGpMQmhj?oc=5
Google News,"Canada’s new government is rebuilding, rearming, and reinvesting in the Canadian Armed Forces - pm.gc.ca","<a href=""https://news.google.com/rss/articles/CBMivgFBVV95cUxOOHVXNzVQNnUwNVRBaV9KVTJOZkRoSVVzUEtnNl9zOHlNUU82VTlCbS1RMURuamt3ZG9RS1VWQm12bVRiR3h1bzR0OXdnVUFRbld4UE9Lc2VXejdhV2JNS1didV9QLWpLWXNjTjFqUWFHVUllUHZRMnpOa2VPSEFhcXh5dklmOFF3SGtjV0NrVXdhc0RlRDUwb09USUlERXhLbWNJSTYwNmgyYnI0WjMwakxOVHRrbGc3OTJkNHZR?oc=5"" target=""_blank"">Canada’s new government is rebuilding, rearming, and reinvesting in the Canadian Armed Forces</a>&nbsp;&nbsp;<font color=""#6f6f6f"">pm.gc.ca</font>",https://news.google.com/rss/articles/CBMivgFBVV95cUxOOHVXNzVQNnUwNVRBaV9KVTJOZkRoSVVzUEtnNl9zOHlNUU82VTlCbS1RMURuamt3ZG9RS1VWQm12bVRiR3h1bzR0OXdnVUFRbld4UE9Lc2VXejdhV2JNS1didV9QLWpLWXNjTjFqUWFHVUllUHZRMnpOa2VPSEFhcXh5dklmOFF3SGtjV0NrVXdhc0RlRDUwb09USUlERXhLbWNJSTYwNmgyYnI0WjMwakxOVHRrbGc3OTJkNHZR?oc=5
Google News,Canada to Boost Military Spending to Try to Placate Trump - WSJ,"<a href=""https://news.google.com/rss/articles/CBMigwNBVV95cUxPbExEZHBVNTBIU2lfRG9DdXh2d1FzWXhvYVVXWEU0aDFlYTRnY3ZZaGxmLWYzUkp6OTA2bE5sQTQ2RlNVbHh2LUFwYXB6bWg5UnJoT0RlYmRrenhFS2ZhWlQzYktfSzhFSUlBXzNqb1kwRjVMNVVldXVIUlAtckVyeVlOa2lxQ2lZbEx6bmNEd2RIYUdHWDkxcnQ4aG1NdS1qaGVJUV91YkQ2enhvdG5temphU0ZfSGJ2VXhRWXJPNEk4RmhkcnR4eVk3RlU5T0FuQUNVNmZGcFQ4S1NFRkJpQmpYZVN6cVNzbVp6S2lxRlBkc1VpUUpTZjdMSjBUajhzUU5jcFF0TEc5MUI1Q1llejlCZC1TeWM4dXFqOEJKWW13Rk5tTFVucGc3Vk5DVHlEc3ZVblFRZVB3YWdTQXNsTFFhelFfRGV1Z2x0N0E3VFNzT3dWNVdXSDhLYzQtX1NvY1VyV3dwLWZxbmswOWpZeUt6MGpXT1VPQi1QbjFjRTJJRkE?oc=5"" target=""_blank"">Canada to Boost Military Spending to Try to Placate Trump</a>&nbsp;&nbsp;<font color=""#6f6f6f"">WSJ</font>",https://news.google.com/rss/articles/CBMigwNBVV95cUxPbExEZHBVNTBIU2lfRG9DdXh2d1FzWXhvYVVXWEU0aDFlYTRnY3ZZaGxmLWYzUkp6OTA2bE5sQTQ2RlNVbHh2LUFwYXB6bWg5UnJoT0RlYmRrenhFS2ZhWlQzYktfSzhFSUlBXzNqb1kwRjVMNVVldXVIUlAtckVyeVlOa2lxQ2lZbEx6bmNEd2RIYUdHWDkxcnQ4aG1NdS1qaGVJUV91YkQ2enhvdG5temphU0ZfSGJ2VXhRWXJPNEk4RmhkcnR4eVk3RlU5T0FuQUNVNmZGcFQ4S1NFRkJpQmpYZVN6cVNzbVp6S2lxRlBkc1VpUUpTZjdMSjBUajhzUU5jcFF0TEc5MUI1Q1llejlCZC1TeWM4dXFqOEJKWW13Rk5tTFVucGc3Vk5DVHlEc3ZVblFRZVB3YWdTQXNsTFFhelFfRGV1Z2x0N0E3VFNzT3dWNVdXSDhLYzQtX1NvY1VyV3dwLWZxbmswOWpZeUt6MGpXT1VPQi1QbjFjRTJJRkE?oc=5
Google News,Canada says it wants to join major European defence plan - BBC,"<a href=""https://news.google.com/rss/articles/CBMiWkFVX3lxTE5vUGZja1QtSUpTazA4U2NfdU1QcWdBdTVsdG1oaWxWb0EyelVhYzFtWU15c3VlYjVHREgyZWRwbEo0cTJycWdTbm14ZWpZc0hIUDBNWmtjb2UtZ9IBX0FVX3lxTE12VnFwbDRVZkxwaFRHb0ZZY1FId1NvQWh1TTFuQmVHQzJmZV9PWG1KUmxwYVhWamZjLXF5TUlndXozLUR5TnJWY3E1dEl4SzVvaDFYZVB2TVhkbUlKV0Rr?oc=5"" target=""_blank"">Canada says it wants to join major European defence plan</a>&nbsp;&nbsp;<font color=""#6f6f6f"">BBC</font>",https://news.google.com/rss/articles/CBMiWkFVX3lxTE5vUGZja1QtSUpTazA4U2NfdU1QcWdBdTVsdG1oaWxWb0EyelVhYzFtWU15c3VlYjVHREgyZWRwbEo0cTJycWdTbm14ZWpZc0hIUDBNWmtjb2UtZ9IBX0FVX3lxTE12VnFwbDRVZkxwaFRHb0ZZY1FId1NvQWh1TTFuQmVHQzJmZV9PWG1KUmxwYVhWamZjLXF5TUlndXozLUR5TnJWY3E1dEl4SzVvaDFYZVB2TVhkbUlKV0Rr?oc=5
Google News,No honeymoon for Mark Carney - Politico,"<a href=""https://news.google.com/rss/articles/CBMingFBVV95cUxNQ09Vd2hHNVQtODVoa3RxQXc4X3N2Mm9YVEwyQjRERVZaYlE2NXdtLTU2ZmE3NDNMSHpIcHFyVnd6ZTllVUdKMzdJUm9GcHFoQ2Nma0Jfc1ppUEVSYThzMm5ZZkNJUzZzM3Z1RGtaSFR5SVNBRjRvZk9TbzVfdmlGeldTTFVUTFRGcXo5dUN3UUVLOE1KbFBFRHFIcW9ldw?oc=5"" target=""_blank"">No honeymoon for Mark Carney</a>&nbsp;&nbsp;<font color=""#6f6f6f"">Politico</font>",https://news.google.com/rss/articles/CBMingFBVV95cUxNQ09Vd2hHNVQtODVoa3RxQXc4X3N2Mm9YVEwyQjRERVZaYlE2NXdtLTU2ZmE3NDNMSHpIcHFyVnd6ZTllVUdKMzdJUm9GcHFoQ2Nma0Jfc1ppUEVSYThzMm5ZZkNJUzZzM3Z1RGtaSFR5SVNBRjRvZk9TbzVfdmlGeldTTFVUTFRGcXo5dUN3UUVLOE1KbFBFRHFIcW9ldw?oc=5
Google News,"Trump and Carney are in direct contact over tariffs, says Canadian minister - Reuters","<a href=""https://news.google.com/rss/articles/CBMixwFBVV95cUxPanppNUlVZjNPMjV4Q2syUUxZS0JJZmg3dEtLVkZYRmp6ZU4yQVk3bnB3d1lpUTNHVUUzVDB4MVhfLWtJN29kcVBfLUdSLWh3b2pKOTk3Q3ZBS3RtTl9DNUk5RUtCNl9ObE8tNVdqdW9ESGlMLXY3Z3JPZFJocFk2cDZkQWl4bXNEV2NsZHBVQW8yaWlpUGREaHB0U2RhYm1yaXAzMEZfM2F0aTRsQUwyQmVmZXpKV20wc0o5bmVKdVlPUGlRcjdB?oc=5"" target=""_blank"">Trump and Carney are in direct contact over tariffs, says Canadian minister</a>&nbsp;&nbsp;<font color=""#6f6f6f"">Reuters</font>",https://news.google.com/rss/articles/CBMixwFBVV95cUxPanppNUlVZjNPMjV4Q2syUUxZS0JJZmg3dEtLVkZYRmp6ZU4yQVk3bnB3d1lpUTNHVUUzVDB4MVhfLWtJN29kcVBfLUdSLWh3b2pKOTk3Q3ZBS3RtTl9DNUk5RUtCNl9ObE8tNVdqdW9ESGlMLXY3Z3JPZFJocFk2cDZkQWl4bXNEV2NsZHBVQW8yaWlpUGREaHB0U2RhYm1yaXAzMEZfM2F0aTRsQUwyQmVmZXpKV20wc0o5bmVKdVlPUGlRcjdB?oc=5
Google News,Canada’s Liberals are already thinking about how to remove Mark Carney. It’s not personal. - Politico,"<a href=""https://news.google.com/rss/articles/CBMiiwFBVV95cUxOYmN6OURhbWJsVDdtdFAtNjVvVmQxb2k5Q2YyUlRrLUdNVDFxQ1QwZGhHM2ZWZmVjXzIwYVRXSWFRY3FKYWs1Z3VaalFhWC1MOENFai03dVdiQ3Jta0lOWHI1SHdOVWpjdl93cmR6MkJaSi1SVHZsd3dETDZnajhwUnBaUUhVV1o1TllZ?oc=5"" target=""_blank"">Canada’s Liberals are already thinking about how to remove Mark Carney. It’s not personal.</a>&nbsp;&nbsp;<font color=""#6f6f6f"">Politico</font>",https://news.google.com/rss/articles/CBMiiwFBVV95cUxOYmN6OURhbWJsVDdtdFAtNjVvVmQxb2k5Q2YyUlRrLUdNVDFxQ1QwZGhHM2ZWZmVjXzIwYVRXSWFRY3FKYWs1Z3VaalFhWC1MOENFai03dVdiQ3Jta0lOWHI1SHdOVWpjdl93cmR6MkJaSi1SVHZsd3dETDZnajhwUnBaUUhVV1o1TllZ?oc=5
Google News,"Canada's Carney and Trump hold secret talks on trade and security, Globe and Mail reports - Reuters","<a href=""https://news.google.com/rss/articles/CBMiwAFBVV95cUxOQUc3Qll6RnQ5UWg2T0VvX25BYi1fVlo1cGlGaTR5U2s0aXo1OU4yZlRvVlRBcTFwRndzSUtFWjRBR0I3MzhGcU51OHhrWndQYS0yWUNncFk1bXItVUdGYlB4NUpHdFg5RS1PaG1ybnNIa2hMZjYtYzgyaV9NLXFWa3F1VTQ0ZHhtNGtYWHdtQjJFdlVGMXZmVENtRFZaV1REdEJuMEhSNV9XNnN2QWlGTDB4SEhuZGl4UjBKd3ZKTzM?oc=5"" target=""_blank"">Canada's Carney and Trump hold secret talks on trade and security, Globe and Mail reports</a>&nbsp;&nbsp;<font color=""#6f6f6f"">Reuters</font>",https://news.google.com/rss/articles/CBMiwAFBVV95cUxOQUc3Qll6RnQ5UWg2T0VvX25BYi1fVlo1cGlGaTR5U2s0aXo1OU4yZlRvVlRBcTFwRndzSUtFWjRBR0I3MzhGcU51OHhrWndQYS0yWUNncFk1bXItVUdGYlB4NUpHdFg5RS1PaG1ybnNIa2hMZjYtYzgyaV9NLXFWa3F1VTQ0ZHhtNGtYWHdtQjJFdlVGMXZmVENtRFZaV1REdEJuMEhSNV9XNnN2QWlGTDB4SEhuZGl4UjBKd3ZKTzM?oc=5
Google News,Canadian PM vows to boost defence spending and reduce dependency on US - The Guardian,"<a href=""https://news.google.com/rss/articles/CBMikgFBVV95cUxQSzFuNWJsSVZXcUszcThBbDkyRmdRNmpySEtVTk5lRVh1YTNkeWRMOWNzenI3VlpORkhjN29IOW1kSGFWZHY1Y2w0UC0za3IwN0xRMk85dDN2b29hcUhTWnZybWpZdS0yMVlGU0tYWUk3WUVaaWhCNkxUUUtIMG1vTlBWX1ZGNmhqdEdZX3QzWk1jZw?oc=5"" target=""_blank"">Canadian PM vows to boost defence spending and reduce dependency on US</a>&nbsp;&nbsp;<font color=""#6f6f6f"">The Guardian</font>",https://news.google.com/rss/articles/CBMikgFBVV95cUxQSzFuNWJsSVZXcUszcThBbDkyRmdRNmpySEtVTk5lRVh1YTNkeWRMOWNzenI3VlpORkhjN29IOW1kSGFWZHY1Y2w0UC0za3IwN0xRMk85dDN2b29hcUhTWnZybWpZdS0yMVlGU0tYWUk3WUVaaWhCNkxUUUtIMG1vTlBWX1ZGNmhqdEdZX3QzWk1jZw?oc=5
Google News,Bell: Danielle Smith is playing nice with Carney — Poilievre is not - Calgary Herald,"<a href=""https://news.google.com/rss/articles/CBMirwFBVV95cUxQcXQ3c05yR2xLcm5HbkUxNUpGdEFkZ21lUm5JcFpSTFE1N1o4RFZodUNicS1hUmplRU9FeFpWa2FXSGsxQW1aeHgtUy1MVnREY28yaVRBUHN1TXFPLVAxa21JcnpGcVowZzdvS1FmX2gwNUt2b2V4N0lSbGFFUjBuR0paUFFJSU9vaUZGTDBEYXR2WU9rSGh6dlFWSjRrMjZYU1JiZ2d0cTZOdjhVTVZr?oc=5"" target=""_blank"">Bell: Danielle Smith is playing nice with Carney — Poilievre is not</a>&nbsp;&nbsp;<font color=""#6f6f6f"">Calgary Herald</font>",https://news.google.com/rss/articles/CBMirwFBVV95cUxQcXQ3c05yR2xLcm5HbkUxNUpGdEFkZ21lUm5JcFpSTFE1N1o4RFZodUNicS1hUmplRU9FeFpWa2FXSGsxQW1aeHgtUy1MVnREY28yaVRBUHN1TXFPLVAxa21JcnpGcVowZzdvS1FmX2gwNUt2b2V4N0lSbGFFUjBuR0paUFFJSU9vaUZGTDBEYXR2WU9rSGh6dlFWSjRrMjZYU1JiZ2d0cTZOdjhVTVZr?oc=5
Google News,"Carney invites Modi to G7, signalling thaw in Canada-India relations - BBC","<a href=""https://news.google.com/rss/articles/CBMiWkFVX3lxTFBLV0thN2prY2wwS0pLMjB6NFkyNE12eDFnc1BCbmRNeTJyaUlWa3VKanlJTGRLZTNXNlUtMUY5TkJSTGxCV1k1aWNhelRscUxxSGhqcHNJUVdsd9IBX0FVX3lxTE1JTFJxNXN0OEl5X1lkYzBrLTRfTElsckFHRXdicXluNmNUY01yaEd3VldqSlVSVnc2OG1OYVZkb0dMUW4taVhYcHZpSlU1T2xUcGE4X2dVNWVlenBwMlRV?oc=5"" target=""_blank"">Carney invites Modi to G7, signalling thaw in Canada-India relations</a>&nbsp;&nbsp;<font color=""#6f6f6f"">BBC</font>",https://news.google.com/rss/articles/CBMiWkFVX3lxTFBLV0thN2prY2wwS0pLMjB6NFkyNE12eDFnc1BCbmRNeTJyaUlWa3VKanlJTGRLZTNXNlUtMUY5TkJSTGxCV1k1aWNhelRscUxxSGhqcHNJUVdsd9IBX0FVX3lxTE1JTFJxNXN0OEl5X1lkYzBrLTRfTElsckFHRXdicXluNmNUY01yaEd3VldqSlVSVnc2OG1OYVZkb0dMUW4taVhYcHZpSlU1T2xUcGE4X2dVNWVlenBwMlRV?oc=5
Google News,Mark Carney Says Canada Will Reach NATO Spending Target This Fiscal Year - WSJ,"<a href=""https://news.google.com/rss/articles/CBMi1gNBVV95cUxQam9WQk54cndSNDhUTFBZZFUtTUN4TVdOaDJ0eDdCTzBDcGxXUUJSNFp5NC16N21Bc0VsZFBaSzMzcWVYdy1WN3VkbTdBem1EaGZ6aDR6dEhDeHBKa0lBU2VZeGdTZUF5elpHYUtVbkEwUTJnM3dvYTF6X0FxNzJXbXkzSU1aUDZhelJfLUJVMzFDNkF2MlZfN3VqdFpfZGxHV3Uxc2prRzA0UVVldlVWNmVrNlRCZ1N0STRHUFppX3dPTzU1WTVhLWdVR1lLQUdwamJ0OFRLYVVkWGcwQWphUlNPdVkyXzlhWERQVlFmY2R1Z084UTQtSGI0cWswMDQ0V05iWVVUQW54cVEwYWRtUHZyY2k1ZFd0Z0dkSUJ6NzBCV1JFNXZGTHFxckQydTRLelFJV3dwbXhZV0MtOWFCVm5FcDJaNnpYMkw2dEVXamhoVFIycDV4VnVVUjF6TjMyQWlNcXRzUVgzMFFjNy03X0pleHJSSXJtbUVjOUxHZ29FWXp3dVhwd1FPMzNVVklRNkhLd1pFMS03ZHUxUjVPMGNhV2V3TXdEVVFYVzB2T0FCek1jYXh2dGk0NTZIUG5mZlNLS3JScThzZm9TSl90eHJVLWl3dw?oc=5"" target=""_blank"">Mark Carney Says Canada Will Reach NATO Spending Target This Fiscal Year</a>&nbsp;&nbsp;<font color=""#6f6f6f"">WSJ</font>",https://news.google.com/rss/articles/CBMi1gNBVV95cUxQam9WQk54cndSNDhUTFBZZFUtTUN4TVdOaDJ0eDdCTzBDcGxXUUJSNFp5NC16N21Bc0VsZFBaSzMzcWVYdy1WN3VkbTdBem1EaGZ6aDR6dEhDeHBKa0lBU2VZeGdTZUF5elpHYUtVbkEwUTJnM3dvYTF6X0FxNzJXbXkzSU1aUDZhelJfLUJVMzFDNkF2MlZfN3VqdFpfZGxHV3Uxc2prRzA0UVVldlVWNmVrNlRCZ1N0STRHUFppX3dPTzU1WTVhLWdVR1lLQUdwamJ0OFRLYVVkWGcwQWphUlNPdVkyXzlhWERQVlFmY2R1Z084UTQtSGI0cWswMDQ0V05iWVVUQW54cVEwYWRtUHZyY2k1ZFd0Z0dkSUJ6NzBCV1JFNXZGTHFxckQydTRLelFJV3dwbXhZV0MtOWFCVm5FcDJaNnpYMkw2dEVXamhoVFIycDV4VnVVUjF6TjMyQWlNcXRzUVgzMFFjNy03X0pleHJSSXJtbUVjOUxHZ29FWXp3dVhwd1FPMzNVVklRNkhLd1pFMS03ZHUxUjVPMGNhV2V3TXdEVVFYVzB2T0FCek1jYXh2dGk0NTZIUG5mZlNLS3JScThzZm9TSl90eHJVLWl3dw?oc=5
Google News,Carney laments Pride 'backlash' and rolls out money to make 2SLGBTQ+ parades safer - Yahoo News Canada,"<a href=""https://news.google.com/rss/articles/CBMiggFBVV95cUxPSWxIWW1lMTZjQ2ZQZ2dXekhEdEFreUlDVzB6VFU4dkJ5TGlkTUdZdzhGTmE3cHN2cmFaQWxNUFdkX3FvWGNBZi1ELVVnbDZxbDY1cGlmUTZWWXdER0ctbVFIWkVMdXgtNFJoeGszaE5KVUtlNUtLcFlBdjh0b2d3MkJB?oc=5"" target=""_blank"">Carney laments Pride 'backlash' and rolls out money to make 2SLGBTQ+ parades safer</a>&nbsp;&nbsp;<font color=""#6f6f6f"">Yahoo News Canada</font>",https://news.google.com/rss/articles/CBMiggFBVV95cUxPSWxIWW1lMTZjQ2ZQZ2dXekhEdEFreUlDVzB6VFU4dkJ5TGlkTUdZdzhGTmE3cHN2cmFaQWxNUFdkX3FvWGNBZi1ELVVnbDZxbDY1cGlmUTZWWXdER0ctbVFIWkVMdXgtNFJoeGszaE5KVUtlNUtLcFlBdjh0b2d3MkJB?oc=5
Google News,Carney invites Modi to G7 summit despite strained ties between Canada and India - CNN,"<a href=""https://news.google.com/rss/articles/CBMifkFVX3lxTE1mNG5uMkxmSm1vTUFvT1pSc2VzVXpocWRuanlsaHp6QnBHMVNBaWhJZDRtcEpLVW5qdGdHclpOQ3owZmN2WlkwMi1BU3BOM01GazlsUjhKaF9FTTBpSi1DNTU5Qzl4clFmRVZBZFI1c0xKU3ltZXRaVlhoWFpmUdIBgwFBVV95cUxNOWxmcjdFcHpHbVhBdXh5UGVpdzhYUzNhWGlBTVdsMVJzYVdEWHBjVzdvc2FqUHlNXzZnSlZKQUx3dVR0eFFIZWdzQnBFYUl0aVRNQVUwa1ZjOGUxVFFuNWZNQzdLS01HZWpyZVQyZGJ0cXBJWDYwN0QwQkN1V2Q0dERTTQ?oc=5"" target=""_blank"">Carney invites Modi to G7 summit despite strained ties between Canada and India</a>&nbsp;&nbsp;<font color=""#6f6f6f"">CNN</font>",https://news.google.com/rss/articles/CBMifkFVX3lxTE1mNG5uMkxmSm1vTUFvT1pSc2VzVXpocWRuanlsaHp6QnBHMVNBaWhJZDRtcEpLVW5qdGdHclpOQ3owZmN2WlkwMi1BU3BOM01GazlsUjhKaF9FTTBpSi1DNTU5Qzl4clFmRVZBZFI1c0xKU3ltZXRaVlhoWFpmUdIBgwFBVV95cUxNOWxmcjdFcHpHbVhBdXh5UGVpdzhYUzNhWGlBTVdsMVJzYVdEWHBjVzdvc2FqUHlNXzZnSlZKQUx3dVR0eFFIZWdzQnBFYUl0aVRNQVUwa1ZjOGUxVFFuNWZNQzdLS01HZWpyZVQyZGJ0cXBJWDYwN0QwQkN1V2Q0dERTTQ?oc=5
Google News,Prime Minister Carney announces Canada’s G7 priorities ahead of the Leaders’ Summit - pm.gc.ca,"<a href=""https://news.google.com/rss/articles/CBMiqwFBVV95cUxNSUE2aFJHbXVwQ2JDRU9CX0dRWHNydnhlODFzeVl5NG1tdzlZZXdUaEdhSlg1azVhWFJJVUYwMHVXTWhrNkllLS00cTZmQlZKSEN1UkYyYU1yRUlaSW44WjJaU2Q0UGlKTU4teGVtRkhGUXRSemt5SzNxTTBnbjBuTU4wR1MyaE1ndVdEVTk2dEp1RkpMM2tmd21zZDF5WjlwcHBRSU42MDJTZUU?oc=5"" target=""_blank"">Prime Minister Carney announces Canada’s G7 priorities ahead of the Leaders’ Summit</a>&nbsp;&nbsp;<font color=""#6f6f6f"">pm.gc.ca</font>",https://news.google.com/rss/articles/CBMiqwFBVV95cUxNSUE2aFJHbXVwQ2JDRU9CX0dRWHNydnhlODFzeVl5NG1tdzlZZXdUaEdhSlg1azVhWFJJVUYwMHVXTWhrNkllLS00cTZmQlZKSEN1UkYyYU1yRUlaSW44WjJaU2Q0UGlKTU4teGVtRkhGUXRSemt5SzNxTTBnbjBuTU4wR1MyaE1ndVdEVTk2dEp1RkpMM2tmd21zZDF5WjlwcHBRSU42MDJTZUU?oc=5
Google News,KINSELLA: PM Mark Carney's top 5 stolen Conservative policy planks - Toronto Sun,"<a href=""https://news.google.com/rss/articles/CBMiqgFBVV95cUxQQURTb2dTSzRBNk0yNWV1djBXWUs3NFNYWjNqcFh1c01jQWJtZDQ0RjVvQzNjd2RXVXlISkp5WG82OFRxdlNqSTFZVXVqajJLWlZnalRVTHJfTXl6LVp0NGV4cDRuM3pqc0N1bnp5VG94Qm5JdS1mS0JtZWNzeHBsekNzeXViUFBFeWJUSmlyT3gyMTZNQzdMNWgxUFAwYVd4c0thWHNhby1xZw?oc=5"" target=""_blank"">KINSELLA: PM Mark Carney's top 5 stolen Conservative policy planks</a>&nbsp;&nbsp;<font color=""#6f6f6f"">Toronto Sun</font>",https://news.google.com/rss/articles/CBMiqgFBVV95cUxQQURTb2dTSzRBNk0yNWV1djBXWUs3NFNYWjNqcFh1c01jQWJtZDQ0RjVvQzNjd2RXVXlISkp5WG82OFRxdlNqSTFZVXVqajJLWlZnalRVTHJfTXl6LVp0NGV4cDRuM3pqc0N1bnp5VG94Qm5JdS1mS0JtZWNzeHBsekNzeXViUFBFeWJUSmlyT3gyMTZNQzdMNWgxUFAwYVd4c0thWHNhby1xZw?oc=5
Google News,Canada's Prime Minister Mark Carney at a news conference in Ottawa - IslanderNews.com,"<a href=""https://news.google.com/rss/articles/CBMi7AFBVV95cUxNUWtuSFZmdHFHX2V2eng2V295WXZsU0FVd2txaEpRMi10Y3RpUUNfUzdSazRnY0FWcUN3RjB1ZGVxR2toYmRqbDUxcXNYQUJURE8tYy1ZQ2lyUWpGVF9tSVk0NGlmcFpEdWRmRjk0SXEyNkZEcnRVb1h4M3lacGRDTlh2VzFIb1NHMDFUMFlaM3N3UWRMNXA3T1VJaVVIZjZlUHhQdkFyZWVVRGFOS2JVYkd3YjJ4QWc3cWFVOUo0NzgwdEZ2bUdoZk05N3EzbmJSMTlXaU9jRGp1ZzZkWUhrR2VLYmh5UVRCRDhwWg?oc=5"" target=""_blank"">Canada's Prime Minister Mark Carney at a news conference in Ottawa</a>&nbsp;&nbsp;<font color=""#6f6f6f"">IslanderNews.com</font>",https://news.google.com/rss/articles/CBMi7AFBVV95cUxNUWtuSFZmdHFHX2V2eng2V295WXZsU0FVd2txaEpRMi10Y3RpUUNfUzdSazRnY0FWcUN3RjB1ZGVxR2toYmRqbDUxcXNYQUJURE8tYy1ZQ2lyUWpGVF9tSVk0NGlmcFpEdWRmRjk0SXEyNkZEcnRVb1h4M3lacGRDTlh2VzFIb1NHMDFUMFlaM3N3UWRMNXA3T1VJaVVIZjZlUHhQdkFyZWVVRGFOS2JVYkd3YjJ4QWc3cWFVOUo0NzgwdEZ2bUdoZk05N3EzbmJSMTlXaU9jRGp1ZzZkWUhrR2VLYmh5UVRCRDhwWg?oc=5
Google News,Opinion | Mark Carney says sacrifice is necessary to pay for defence spending. So what will Canadians be asked to do? - Toronto Star,"<a href=""https://news.google.com/rss/articles/CBMimwJBVV95cUxPZm81SmRmN1BCYTJpRVRqY09pQTB1Y0ZhcmpkQmRzZVBKUzBjQmpQWkIyam1pM3hZaUlKdGxlYUlrZDFzTzNPMFB3akZXNkhZeERIb1QxcG1UVlhVaFVXc2hubWFYR3NnSHI4QXJDVGZtaTJHSXJvbFJHSnY1TzRTVm9oSW8yS3B1UUxOWFdRVUk1R3FYSUFZSUw1bzZHb043ODMyQWFoaC1IaEVVLW1wczhTb0lCTG50NFlEWXUtZGVCMkp3ZGVQZjF2LWhXUE9fcnlYWnN5eUF0QmVHb3dMLWVQclJwdXNhWXJvd0pOT1owcll5enhMYTVraUQyM0NlLWk4eDBKY1ZmcGsyYTZzSUM3MmZtcUlpVERN?oc=5"" target=""_blank"">Opinion | Mark Carney says sacrifice is necessary to pay for defence spending. So what will Canadians be asked to do?</a>&nbsp;&nbsp;<font color=""#6f6f6f"">Toronto Star</font>",https://news.google.com/rss/articles/CBMimwJBVV95cUxPZm81SmRmN1BCYTJpRVRqY09pQTB1Y0ZhcmpkQmRzZVBKUzBjQmpQWkIyam1pM3hZaUlKdGxlYUlrZDFzTzNPMFB3akZXNkhZeERIb1QxcG1UVlhVaFVXc2hubWFYR3NnSHI4QXJDVGZtaTJHSXJvbFJHSnY1TzRTVm9oSW8yS3B1UUxOWFdRVUk1R3FYSUFZSUw1bzZHb043ODMyQWFoaC1IaEVVLW1wczhTb0lCTG50NFlEWXUtZGVCMkp3ZGVQZjF2LWhXUE9fcnlYWnN5eUF0QmVHb3dMLWVQclJwdXNhWXJvd0pOT1owcll5enhMYTVraUQyM0NlLWk4eDBKY1ZmcGsyYTZzSUM3MmZtcUlpVERN?oc=5
Google News,Canada to meet 2% defence spending target as NATO eyes spending boost - National Post,"<a href=""https://news.google.com/rss/articles/CBMie0FVX3lxTE9wY1YyTmk1ekdPMWplTks3YUFVbGhJaGVuSTZtRW53NUg1MWlnWGNwMGR4WmVmS0lhY3FSSUV0VHVFek9MV0V4RUFvd2dESVZXbUlNSXlFNldQRVlOcXEySzRUVS1KeHQ2Uk9BTmpnZm12MUpHUWJtdmhTbw?oc=5"" target=""_blank"">Canada to meet 2% defence spending target as NATO eyes spending boost</a>&nbsp;&nbsp;<font color=""#6f6f6f"">National Post</font>",https://news.google.com/rss/articles/CBMie0FVX3lxTE9wY1YyTmk1ekdPMWplTks3YUFVbGhJaGVuSTZtRW53NUg1MWlnWGNwMGR4WmVmS0lhY3FSSUV0VHVFek9MV0V4RUFvd2dESVZXbUlNSXlFNldQRVlOcXEySzRUVS1KeHQ2Uk9BTmpnZm12MUpHUWJtdmhTbw?oc=5
Google News,"Canada plans to hit NATO spending target early and reduce U.S. defense reliance, Carney says - Los Angeles Times","<a href=""https://news.google.com/rss/articles/CBMi2wFBVV95cUxPeEhScl8zR3p6eExPaEt2NUVaSjRIUVlVN3hJUFBuemd5d3RRUGVEVnlBOHdrTE00bVpNV1pZcDFzZGNUTDhLcFVlY1BwVXFSN2FSMThEOU1xeTlRS25OcENIT2pNNzJoU2JOUmJiNDNCX05lZEpKVFVQTERtaFItWGk5ZldEMUxqZDBzVmRUQ3RpdVo2aWFLVEZZbVp1c2Vld2JSM18wSHZiZTljdHlOTktHUlFjOVRiUzA3TmlrYy04Tlp6X0FMMVp6R2hUdkZZdFAtVHgtenU2LTQ?oc=5"" target=""_blank"">Canada plans to hit NATO spending target early and reduce U.S. defense reliance, Carney says</a>&nbsp;&nbsp;<font color=""#6f6f6f"">Los Angeles Times</font>",https://news.google.com/rss/articles/CBMi2wFBVV95cUxPeEhScl8zR3p6eExPaEt2NUVaSjRIUVlVN3hJUFBuemd5d3RRUGVEVnlBOHdrTE00bVpNV1pZcDFzZGNUTDhLcFVlY1BwVXFSN2FSMThEOU1xeTlRS25OcENIT2pNNzJoU2JOUmJiNDNCX05lZEpKVFVQTERtaFItWGk5ZldEMUxqZDBzVmRUQ3RpdVo2aWFLVEZZbVp1c2Vld2JSM18wSHZiZTljdHlOTktHUlFjOVRiUzA3TmlrYy04Tlp6X0FMMVp6R2hUdkZZdFAtVHgtenU2LTQ?oc=5
Google News,Why some Canadians are alarmed by Mark Carney’s pledge to act with urgency - Toronto Star,"<a href=""https://news.google.com/rss/articles/CBMi8wFBVV95cUxOT2RCX2ZxdkgweklLMFpRV0FKSGs1XzNESFloaFc1QW1vdWN5Qjd1NG92OG05NmtUTTA3QTJkOU0zMlo1T01GaHdCZzh5bnBrbWxuaFNjcVRTV3puaVZQWVRFaW10dnZCRjF0TlB5bmF3eTJRZzJxeWcyc2poMGVUSFUzcG5LLVpzbmxjNlpINllnejJPTUZZWEcydHVQbHZvbmdEMDFpdl8tRzZkaDRMc1JfTEZ0dk15NThhQTZpY2dON1lVMlJKMFBPZGlCc3lIYmNPN3FnZGFiM0JKN0ZmLUtuNnRFdHJIcEVUb1JoUGJHR3c?oc=5"" target=""_blank"">Why some Canadians are alarmed by Mark Carney’s pledge to act with urgency</a>&nbsp;&nbsp;<font color=""#6f6f6f"">Toronto Star</font>",https://news.google.com/rss/articles/CBMi8wFBVV95cUxOT2RCX2ZxdkgweklLMFpRV0FKSGs1XzNESFloaFc1QW1vdWN5Qjd1NG92OG05NmtUTTA3QTJkOU0zMlo1T01GaHdCZzh5bnBrbWxuaFNjcVRTV3puaVZQWVRFaW10dnZCRjF0TlB5bmF3eTJRZzJxeWcyc2poMGVUSFUzcG5LLVpzbmxjNlpINllnejJPTUZZWEcydHVQbHZvbmdEMDFpdl8tRzZkaDRMc1JfTEZ0dk15NThhQTZpY2dON1lVMlJKMFBPZGlCc3lIYmNPN3FnZGFiM0JKN0ZmLUtuNnRFdHJIcEVUb1JoUGJHR3c?oc=5
Google News,China hoping for ‘healthy and stable’ relations with Canada after Li-Carney call - South China Morning Post,"<a href=""https://news.google.com/rss/articles/CBMixgFBVV95cUxQX09Ec2lmeWhoczB2anhaZGZYaG5fQ1pkU0xtNHhHM1VQTjI5YTRkNG5XRGZ0VDJNRWQ2Z1UtREs1VnpwRU5rZGFLM2NQMDhMVml2Zi1NVXIzTmVPMnJ1ajdXS0d6S3RqY0gyTWVzeHFqR1RtR0JTQ2dERUg3aVJqWFdMTUMxRHRUSUVaSUVib2x6TnlBWk9MYUZuWUNPYW5aME5DQjB2NjdkMkxiNUZBSHlreE45bjBGczVCclI3cDdITzFqT2fSAcYBQVVfeXFMTkh4d0hETTZpazZlUm5TNVl5RkR6YVlrNUhQbk5QTzJ3N3JJU3JIbHY3M3pEMUN3cDRRelZVdUV5YUFOc3gzUXNFRHQ1RkNwUEhZcUdwNmtKb3l0WnczT1lwekFNeXZDWTU1bjNWekQzdGhGS3BLaW5RRkZ3Q0s2Vy1UNnFWMUdTc203RDdZblNOSE05MU9GSTZMd2djb3lsLWtSbUZidlhFa3RuVEtIMW1OM0dnYWR6Nl8tTU0ycm1sMjhCTXJR?oc=5"" target=""_blank"">China hoping for ‘healthy and stable’ relations with Canada after Li-Carney call</a>&nbsp;&nbsp;<font color=""#6f6f6f"">South China Morning Post</font>",https://news.google.com/rss/articles/CBMixgFBVV95cUxQX09Ec2lmeWhoczB2anhaZGZYaG5fQ1pkU0xtNHhHM1VQTjI5YTRkNG5XRGZ0VDJNRWQ2Z1UtREs1VnpwRU5rZGFLM2NQMDhMVml2Zi1NVXIzTmVPMnJ1ajdXS0d6S3RqY0gyTWVzeHFqR1RtR0JTQ2dERUg3aVJqWFdMTUMxRHRUSUVaSUVib2x6TnlBWk9MYUZuWUNPYW5aME5DQjB2NjdkMkxiNUZBSHlreE45bjBGczVCclI3cDdITzFqT2fSAcYBQVVfeXFMTkh4d0hETTZpazZlUm5TNVl5RkR6YVlrNUhQbk5QTzJ3N3JJU3JIbHY3M3pEMUN3cDRRelZVdUV5YUFOc3gzUXNFRHQ1RkNwUEhZcUdwNmtKb3l0WnczT1lwekFNeXZDWTU1bjNWekQzdGhGS3BLaW5RRkZ3Q0s2Vy1UNnFWMUdTc203RDdZblNOSE05MU9GSTZMd2djb3lsLWtSbUZidlhFa3RuVEtIMW1OM0dnYWR6Nl8tTU0ycm1sMjhCTXJR?oc=5
Google News,Canada’s PM faces backlash for inviting India’s Narendra Modi for G7 summit - The Guardian,"<a href=""https://news.google.com/rss/articles/CBMijwFBVV95cUxQLWphX1daQmNhMkRicmpvU204dU9ubXg1eURFTlpoV0ItWGdxWGtsMFNNbm5UWlNtbWhwY0Q1dE84aXd1cGtuUWVFQmlHRVpXWFV1cFFMYy1HMi1OUWd1S1JPYzNYVVlEVEF0WkVjUUpBRmNoQW9MTVpQR3ZIdFBNMXN2bnNXc19CYWtKc09sYw?oc=5"" target=""_blank"">Canada’s PM faces backlash for inviting India’s Narendra Modi for G7 summit</a>&nbsp;&nbsp;<font color=""#6f6f6f"">The Guardian</font>",https://news.google.com/rss/articles/CBMijwFBVV95cUxQLWphX1daQmNhMkRicmpvU204dU9ubXg1eURFTlpoV0ItWGdxWGtsMFNNbm5UWlNtbWhwY0Q1dE84aXd1cGtuUWVFQmlHRVpXWFV1cFFMYy1HMi1OUWd1S1JPYzNYVVlEVEF0WkVjUUpBRmNoQW9MTVpQR3ZIdFBNMXN2bnNXc19CYWtKc09sYw?oc=5
Google News,Martin Regg Cohn: Inviting Narenda Modi to the G7 summit was the right move for Mark Carney - Toronto Star,"<a href=""https://news.google.com/rss/articles/CBMihAJBVV95cUxQOWp5STExV2xyN3Q1U2ZzYTJfNjIwVU5LS2FHXzFjTzFfdDRXeUM5NWNhd2F0V1Zjb1haaFBMLUVWamlFV002c3BWSHZxdm1IZkxLblRhVDQ5V0VHOUZRUlJiVXllQ3ptSXNPOVhGTExmcmVKOGt0bjlqWG4ybkV1LWY2V05pbEdON0FUUm01cmtMTERuUjlBdFU2UmNnNElKWllNSGVHUlRNYVQxbFBfcTlWRFVDaDJJeXZiUk90RnFUak54M0g2eC10SHY2bEV0bjhNSnU5UXlWTXdaenBQV0cxTVhYeW9uRWROR0dzZko3Ti1UREhtbTVvTDV6NWlaVVI3ag?oc=5"" target=""_blank"">Martin Regg Cohn: Inviting Narenda Modi to the G7 summit was the right move for Mark Carney</a>&nbsp;&nbsp;<font color=""#6f6f6f"">Toronto Star</font>",https://news.google.com/rss/articles/CBMihAJBVV95cUxQOWp5STExV2xyN3Q1U2ZzYTJfNjIwVU5LS2FHXzFjTzFfdDRXeUM5NWNhd2F0V1Zjb1haaFBMLUVWamlFV002c3BWSHZxdm1IZkxLblRhVDQ5V0VHOUZRUlJiVXllQ3ptSXNPOVhGTExmcmVKOGt0bjlqWG4ybkV1LWY2V05pbEdON0FUUm01cmtMTERuUjlBdFU2UmNnNElKWllNSGVHUlRNYVQxbFBfcTlWRFVDaDJJeXZiUk90RnFUak54M0g2eC10SHY2bEV0bjhNSnU5UXlWTXdaenBQV0cxTVhYeW9uRWROR0dzZko3Ti1UREhtbTVvTDV6NWlaVVI3ag?oc=5
Google News,US Vice President Vance discusses trade with Canada's Carney - Reuters,"<a href=""https://news.google.com/rss/articles/CBMirAFBVV95cUxPQjZ2a2lOb3pPUlprNDN0V2txWENOeTROQlhSaXVCendlT2F5dUhvZEpWYk9UWDhzVWlwbUliY19RdWhzRVptT3hGRC1hcFhwQjFsZUdpOUYtNEFKbjREN1JLb3M3SGkxYVJfTnJQd0xIbjVkcTRjS2dWQmFZZzlwdEIxSjZfRzh6Ti1QR1ZCdzhtbmZ6ODVOWjJJbm4zVXVjNWFPNWxQRk01TFFj?oc=5"" target=""_blank"">US Vice President Vance discusses trade with Canada's Carney</a>&nbsp;&nbsp;<font color=""#6f6f6f"">Reuters</font>",https://news.google.com/rss/articles/CBMirAFBVV95cUxPQjZ2a2lOb3pPUlprNDN0V2txWENOeTROQlhSaXVCendlT2F5dUhvZEpWYk9UWDhzVWlwbUliY19RdWhzRVptT3hGRC1hcFhwQjFsZUdpOUYtNEFKbjREN1JLb3M3SGkxYVJfTnJQd0xIbjVkcTRjS2dWQmFZZzlwdEIxSjZfRzh6Ti1QR1ZCdzhtbmZ6ODVOWjJJbm4zVXVjNWFPNWxQRk01TFFj?oc=5
Google News,The Numbers: Carney's honeymoon continues - The Writ,"<a href=""https://news.google.com/rss/articles/CBMickFVX3lxTE93NnJuZWo4ck5lV3JvcEdxTU1ZcGg0YzlrVWRhQzMycXVGT2tPeUN0M096cmgzeTltVXlNNHlRRW8zS0RLNUdtNkxia2kzYmpNSUQ2a3NydmkxTlJibVppNEktUm02QWU2WnkwamNQSkJPdw?oc=5"" target=""_blank"">The Numbers: Carney's honeymoon continues</a>&nbsp;&nbsp;<font color=""#6f6f6f"">The Writ</font>",https://news.google.com/rss/articles/CBMickFVX3lxTE93NnJuZWo4ck5lV3JvcEdxTU1ZcGg0YzlrVWRhQzMycXVGT2tPeUN0M096cmgzeTltVXlNNHlRRW8zS0RLNUdtNkxia2kzYmpNSUQ2a3NydmkxTlJibVppNEktUm02QWU2WnkwamNQSkJPdw?oc=5
Google News,Trump and Carney in Talks on Trade Ahead of G-7 Summit - Bloomberg.com,"<a href=""https://news.google.com/rss/articles/CBMiqAFBVV95cUxNMW9tckdPb25xUDdlSDJYWDhTaTV1Zk9pNmJyUVkxa3NaRE1yWUdpVVVyTy1VVDlibVFtRG1CMnhDRHBabUZlTVRUWVk5dlExX1pGTGttdHBkZFBFLWxTMHZoUTRDbUZUdDNHWFIwZW10SjFYRFN3d1FpVG4yamJLNHdsSzVmOTVfdjRQcUJwREFQT1dBa0U1TlF3elhOVHNkVGNDSWtfX1M?oc=5"" target=""_blank"">Trump and Carney in Talks on Trade Ahead of G-7 Summit</a>&nbsp;&nbsp;<font color=""#6f6f6f"">Bloomberg.com</font>",https://news.google.com/rss/articles/CBMiqAFBVV95cUxNMW9tckdPb25xUDdlSDJYWDhTaTV1Zk9pNmJyUVkxa3NaRE1yWUdpVVVyTy1VVDlibVFtRG1CMnhDRHBabUZlTVRUWVk5dlExX1pGTGttdHBkZFBFLWxTMHZoUTRDbUZUdDNHWFIwZW10SjFYRFN3d1FpVG4yamJLNHdsSzVmOTVfdjRQcUJwREFQT1dBa0U1TlF3elhOVHNkVGNDSWtfX1M?oc=5
Google News,The ‘Trump effect’ on Canada’s immigration restrictions - America Magazine,"<a href=""https://news.google.com/rss/articles/CBMitAFBVV95cUxPczI2OVpwOWJkWUJxQ0wtbUQ5T01lU1lKRUZtTnY3ZnhfRlB0N2ZjRXgtQ2ZFbHFXQkk5ZUhXcGJxVGppUWRfVzN0NVdZRHo0ZmtqZFUzQ3lDbmNOYkJGUWc0WUg0NndHcnBpbFRQcFlzV3J5ZUJuU252N2I5aXFGSXItWHl5VDZaTVJxTHFXWk1fc1RYQjlEZ0hwc3ZYWEpsMVkxUDE3c1U0b05rOFhXRTRGYWo?oc=5"" target=""_blank"">The ‘Trump effect’ on Canada’s immigration restrictions</a>&nbsp;&nbsp;<font color=""#6f6f6f"">America Magazine</font>",https://news.google.com/rss/articles/CBMitAFBVV95cUxPczI2OVpwOWJkWUJxQ0wtbUQ5T01lU1lKRUZtTnY3ZnhfRlB0N2ZjRXgtQ2ZFbHFXQkk5ZUhXcGJxVGppUWRfVzN0NVdZRHo0ZmtqZFUzQ3lDbmNOYkJGUWc0WUg0NndHcnBpbFRQcFlzV3J5ZUJuU252N2I5aXFGSXItWHl5VDZaTVJxTHFXWk1fc1RYQjlEZ0hwc3ZYWEpsMVkxUDE3c1U0b05rOFhXRTRGYWo?oc=5
Google News,"5 things to know about Mark Carney, Canada's new prime minister - NPR","<a href=""https://news.google.com/rss/articles/CBMiigFBVV95cUxQRW5MU3BuWEhJTFBHQTlLMW1zY28xVnpMVjlEdE41NUQ2UFhxelAxV1gtVlE1c3ZxdG1yMjhLZExmbmRER3hRazNkV0lILVUwMlZmWDd2QjhVb1VwejcyQWJlWFhmN0NwbUdjU253S1hfZERnVThFTGp6NUN3WTlxTHhzd0lQVXhZSHc?oc=5"" target=""_blank"">5 things to know about Mark Carney, Canada's new prime minister</a>&nbsp;&nbsp;<font color=""#6f6f6f"">NPR</font>",https://news.google.com/rss/articles/CBMiigFBVV95cUxQRW5MU3BuWEhJTFBHQTlLMW1zY28xVnpMVjlEdE41NUQ2UFhxelAxV1gtVlE1c3ZxdG1yMjhLZExmbmRER3hRazNkV0lILVUwMlZmWDd2QjhVb1VwejcyQWJlWFhmN0NwbUdjU253S1hfZERnVThFTGp6NUN3WTlxTHhzd0lQVXhZSHc?oc=5
Google News,Andrew Phillips: Mark Carney is proving to be very popular — with conservatives - Toronto Star,"<a href=""https://news.google.com/rss/articles/CBMi7wFBVV95cUxOeDhYUFFFNHpWTnR5c2RSeXVSU0VaTURuWHBMN1UxQmxfekxfUUJmUG8tazRiRHZRVURMcUNPLW00RGJmd0VPeVpreG9uaUpsMzJEb1d2b1JCRzNJNlhVR1dlbXVwVWlMc0lBbzZhcGRlcFVGbmhTQU8tdmRWcTZJb0JPWWZLdjc2a2dTMlFiR0Y2emRlN3loS1NBQ09hV0ZYVlZyVHppdV9vcUNPWG1LaTRzS0FzR2p4dDNWVFJYSFg0ckpnT0NMb0phWlU0YXJ6X2hjWkExNkNXaWs4SGRhMGlTQTExZUJHYkFwS0gyNA?oc=5"" target=""_blank"">Andrew Phillips: Mark Carney is proving to be very popular — with conservatives</a>&nbsp;&nbsp;<font color=""#6f6f6f"">Toronto Star</font>",https://news.google.com/rss/articles/CBMi7wFBVV95cUxOeDhYUFFFNHpWTnR5c2RSeXVSU0VaTURuWHBMN1UxQmxfekxfUUJmUG8tazRiRHZRVURMcUNPLW00RGJmd0VPeVpreG9uaUpsMzJEb1d2b1JCRzNJNlhVR1dlbXVwVWlMc0lBbzZhcGRlcFVGbmhTQU8tdmRWcTZJb0JPWWZLdjc2a2dTMlFiR0Y2emRlN3loS1NBQ09hV0ZYVlZyVHppdV9vcUNPWG1LaTRzS0FzR2p4dDNWVFJYSFg0ckpnT0NMb0phWlU0YXJ6X2hjWkExNkNXaWs4SGRhMGlTQTExZUJHYkFwS0gyNA?oc=5
Google News,Andrew Phillips: Mark Carney takes a risk by choosing guns over butter - Toronto Star,"<a href=""https://news.google.com/rss/articles/CBMi5gFBVV95cUxNb3hmOG94a2UyMzhJS20ydklSX2xsa2xpcklEbVA0QzB3alpVTGNlWXljN0l0eFp5M0RhUzNMRWdkNksxWmJVaHo2WnpFVkNRZXRnRmphZ25BbGktYkU2WjF0WjZsSzJsLUt1a0dic0tQZE1zTkZNeXRjdTVZRmowcWE4QnVrQjc0TVRTOW5qMGRkWUtwejlGeklWSHRJb2NPVllQMFpzeXNDYVgwQ180UlFIWmFRSUJGTnlWVkJpTVVBX2oxLXFyS2VhTlFFN0pLaXlqZnljOVpDUThTbDZGVmJiNlFPdw?oc=5"" target=""_blank"">Andrew Phillips: Mark Carney takes a risk by choosing guns over butter</a>&nbsp;&nbsp;<font color=""#6f6f6f"">Toronto Star</font>",https://news.google.com/rss/articles/CBMi5gFBVV95cUxNb3hmOG94a2UyMzhJS20ydklSX2xsa2xpcklEbVA0QzB3alpVTGNlWXljN0l0eFp5M0RhUzNMRWdkNksxWmJVaHo2WnpFVkNRZXRnRmphZ25BbGktYkU2WjF0WjZsSzJsLUt1a0dic0tQZE1zTkZNeXRjdTVZRmowcWE4QnVrQjc0TVRTOW5qMGRkWUtwejlGeklWSHRJb2NPVllQMFpzeXNDYVgwQ180UlFIWmFRSUJGTnlWVkJpTVVBX2oxLXFyS2VhTlFFN0pLaXlqZnljOVpDUThTbDZGVmJiNlFPdw?oc=5
Google News,Canada to expedite nation-building projects to counter Trump - BBC,"<a href=""https://news.google.com/rss/articles/CBMiWkFVX3lxTFB1aWJrdXY5UHJMS0pIOWhod1RCRzNmUldJU0I0amtyUWg3cmtaNUlPcWkzWlU2VVV2N0p6SkQzMllsTDNxcXQ4ZEVIT05ZMnJjNkU3UlBiSzVCd9IBX0FVX3lxTE9tOUwtZWNqN2lOcF9PdHdxQUU5cVhuTWd4alZQLVkwVEx2WmVfaTI2REtOaEM1cExJaU1GQ1ZFUTRIQzlZT0FTUFRqM1BQZWJLcEJWMkItY1c1a3FIY053?oc=5"" target=""_blank"">Canada to expedite nation-building projects to counter Trump</a>&nbsp;&nbsp;<font color=""#6f6f6f"">BBC</font>",https://news.google.com/rss/articles/CBMiWkFVX3lxTFB1aWJrdXY5UHJMS0pIOWhod1RCRzNmUldJU0I0amtyUWg3cmtaNUlPcWkzWlU2VVV2N0p6SkQzMllsTDNxcXQ4ZEVIT05ZMnJjNkU3UlBiSzVCd9IBX0FVX3lxTE9tOUwtZWNqN2lOcF9PdHdxQUU5cVhuTWd4alZQLVkwVEx2WmVfaTI2REtOaEM1cExJaU1GQ1ZFUTRIQzlZT0FTUFRqM1BQZWJLcEJWMkItY1c1a3FIY053?oc=5
Google News,"Who is Liberal leader Mark Carney, Canada's new prime minister? - BBC","<a href=""https://news.google.com/rss/articles/CBMiWkFVX3lxTE1Yckhsc1EwMmxVWmh5M253bElmRkY3eDJxODRpTURlVWt4ZXRaaGtVcWNwTzNWU2c0UHh5ZEhRb2FCcnp3QzdkY1Z2bGUwZVV6OEJhbWVwMnVqUdIBX0FVX3lxTE9vUERtelVtb3cxMkpfaTI3Q0Q2ajlKaWVTOHd6dHVBakZfMzFaVG40SktwaXhVYjczazBqSjhORW9aaDJ5VFkyVU80eDZWUXBuekJyVUxvb1lrR1dIanVB?oc=5"" target=""_blank"">Who is Liberal leader Mark Carney, Canada's new prime minister?</a>&nbsp;&nbsp;<font color=""#6f6f6f"">BBC</font>",https://news.google.com/rss/articles/CBMiWkFVX3lxTE1Yckhsc1EwMmxVWmh5M253bElmRkY3eDJxODRpTURlVWt4ZXRaaGtVcWNwTzNWU2c0UHh5ZEhRb2FCcnp3QzdkY1Z2bGUwZVV6OEJhbWVwMnVqUdIBX0FVX3lxTE9vUERtelVtb3cxMkpfaTI3Q0Q2ajlKaWVTOHd6dHVBakZfMzFaVG40SktwaXhVYjczazBqSjhORW9aaDJ5VFkyVU80eDZWUXBuekJyVUxvb1lrR1dIanVB?oc=5
Google News,Canada will meet 2% NATO spending pledge this year: Carney - Toronto Sun,"<a href=""https://news.google.com/rss/articles/CBMieEFVX3lxTE5FT2p3TVlMdHNUZHhiVHBlbXpxYURVd1NXRFl4WWtmMExZWGVXb2FPbzd3dnh5VmU4cGhya3UtQ3VDNEJmY2RuMWJORTlicEIxRUhsbEVmdzFOT1U3MHRyOGRuMG4zeVB5UnJwRkIwbDFCV1AxbVhWTw?oc=5"" target=""_blank"">Canada will meet 2% NATO spending pledge this year: Carney</a>&nbsp;&nbsp;<font color=""#6f6f6f"">Toronto Sun</font>",https://news.google.com/rss/articles/CBMieEFVX3lxTE5FT2p3TVlMdHNUZHhiVHBlbXpxYURVd1NXRFl4WWtmMExZWGVXb2FPbzd3dnh5VmU4cGhya3UtQ3VDNEJmY2RuMWJORTlicEIxRUhsbEVmdzFOT1U3MHRyOGRuMG4zeVB5UnJwRkIwbDFCV1AxbVhWTw?oc=5
Google News,Can PM Carney's government do a better job of ensuring value for taxpayer dollars than Trudeau's? - CTV News,"<a href=""https://news.google.com/rss/articles/CBMi3AFBVV95cUxQOTBGUHI5dVVfNGl1LThTTTBpQzdOVmZCendfSzZMeU5ZWV9SRFA3Ti1ZNVEweENFdzdMaUZjc3B4SW1qNnc2dERmUlREeG9pbXFWc1h5ZEhmTzZkVU52UTFzTGlrc3RGTHVKUVdhd2NvQzdjY3ZHalBmcjJqN3NSVkpmY1NpbTBELUVFQ2ZIRkI5YzlYbGhZMXl6cjNFejBUblYzSWhHREl5ZlZsUVJEX1RueVY0LXhGSDRGeW11TzJtYVlsRWI1UGZEcVVtYWYtOGZwVXFBQmViN05G?oc=5"" target=""_blank"">Can PM Carney's government do a better job of ensuring value for taxpayer dollars than Trudeau's?</a>&nbsp;&nbsp;<font color=""#6f6f6f"">CTV News</font>",https://news.google.com/rss/articles/CBMi3AFBVV95cUxQOTBGUHI5dVVfNGl1LThTTTBpQzdOVmZCendfSzZMeU5ZWV9SRFA3Ti1ZNVEweENFdzdMaUZjc3B4SW1qNnc2dERmUlREeG9pbXFWc1h5ZEhmTzZkVU52UTFzTGlrc3RGTHVKUVdhd2NvQzdjY3ZHalBmcjJqN3NSVkpmY1NpbTBELUVFQ2ZIRkI5YzlYbGhZMXl6cjNFejBUblYzSWhHREl5ZlZsUVJEX1RueVY0LXhGSDRGeW11TzJtYVlsRWI1UGZEcVVtYWYtOGZwVXFBQmViN05G?oc=5
Google News,Mark Carney courts oil industry in push to Trump-proof Canada’s economy - Financial Times,"<a href=""https://news.google.com/rss/articles/CBMicEFVX3lxTFBaSlRsbEY1NHRyMlhXTm55QlhZNmIwQm1aNVBPVTMwaV9Ka2tXem50T3BGa3hqZVU1TVZFdWFIdTB4VjUzSE1zd3lJcFFqcjZZWnFpOGhoRWh4X2VKYWpGYkdpazR6ZTBzQ2oyelp3R3k?oc=5"" target=""_blank"">Mark Carney courts oil industry in push to Trump-proof Canada’s economy</a>&nbsp;&nbsp;<font color=""#6f6f6f"">Financial Times</font>",https://news.google.com/rss/articles/CBMicEFVX3lxTFBaSlRsbEY1NHRyMlhXTm55QlhZNmIwQm1aNVBPVTMwaV9Ka2tXem50T3BGa3hqZVU1TVZFdWFIdTB4VjUzSE1zd3lJcFFqcjZZWnFpOGhoRWh4X2VKYWpGYkdpazR6ZTBzQ2oyelp3R3k?oc=5
