source,title,summary,link,compound,sentiment
Google News,Opinion | The Achingly Simple Lesson That Democrats Seem Determined Not to Learn - The New York Times,"<a href=""https://news.google.com/rss/articles/CBMiggFBVV95cUxNYThpUEpOZERaajJuRV9yWHN0cEFQcTgzd284TWFtZWx4VUotazQ4dmxxdHl3dFVEVXBtQ3NZTC1zUnRiOXJ0d00wdDE5ODM5MWR0VmxDOExpZWQ3STRsX3p6NWJzeWZqTzBXX05vRk5ranpNNFk0dm5TaVdJRENueW9B?oc=5"" target=""_blank"">Opinion | The Achingly Simple Lesson That Democrats Seem Determined Not to Learn</a>&nbsp;&nbsp;<font color=""#6f6f6f"">The New York Times</font>",https://news.google.com/rss/articles/CBMiggFBVV95cUxNYThpUEpOZERaajJuRV9yWHN0cEFQcTgzd284TWFtZWx4VUotazQ4dmxxdHl3dFVEVXBtQ3NZTC1zUnRiOXJ0d00wdDE5ODM5MWR0VmxDOExpZWQ3STRsX3p6NWJzeWZqTzBXX05vRk5ranpNNFk0dm5TaVdJRENueW9B?oc=5,0.34,Positive
Google News,The Moviemakers Breaking With Liberal Hollywood - Politico,"<a href=""https://news.google.com/rss/articles/CBMirAFBVV95cUxQMnRCTFdjQjF5T3FYcmFFbkpPd3lyQWdJbWFTYUpjMUJnMENvWUx0Ulp2azZHY1Iwb2dIakJOUFVUY2d1eC1FVTlCOTVVckUtQ09MSWRnc3dtazJEMXVXNGlEcF92b1ZrNF84NWNRN2pqZ1BaYU5QMFBjazZHX180Z2dmaVBTSzdiUnpnTkUzM0tqaDJUcXhCQ0hzMWNYekJtSmZBZGVIVHlNOGNM?oc=5"" target=""_blank"">The Moviemakers Breaking With Liberal Hollywood</a>&nbsp;&nbsp;<font color=""#6f6f6f"">Politico</font>",https://news.google.com/rss/articles/CBMirAFBVV95cUxQMnRCTFdjQjF5T3FYcmFFbkpPd3lyQWdJbWFTYUpjMUJnMENvWUx0Ulp2azZHY1Iwb2dIakJOUFVUY2d1eC1FVTlCOTVVckUtQ09MSWRnc3dtazJEMXVXNGlEcF92b1ZrNF84NWNRN2pqZ1BaYU5QMFBjazZHX180Z2dmaVBTSzdiUnpnTkUzM0tqaDJUcXhCQ0hzMWNYekJtSmZBZGVIVHlNOGNM?oc=5,0.0,Neutral
Google News,Is there a “woke right” in America? - The Economist,"<a href=""https://news.google.com/rss/articles/CBMiiwFBVV95cUxONkV6NjlEYTFnZ0EwdExObjU0dmsyOTlhY3FTUXRrLVJOY2Q5LXZway1pRDBLMHZmOVotbEwyaEJLaWJQWTZacXRZcGZLQ3EteE1YTUhhMnBrYzR4ZHQxLTZuSEtqQjFfWmNjZTZIR0RaakZIc3FreEhVWXBTTzMwX1UzVTJseVVvQkNJ?oc=5"" target=""_blank"">Is there a “woke right” in America?</a>&nbsp;&nbsp;<font color=""#6f6f6f"">The Economist</font>",https://news.google.com/rss/articles/CBMiiwFBVV95cUxONkV6NjlEYTFnZ0EwdExObjU0dmsyOTlhY3FTUXRrLVJOY2Q5LXZway1pRDBLMHZmOVotbEwyaEJLaWJQWTZacXRZcGZLQ3EteE1YTUhhMnBrYzR4ZHQxLTZuSEtqQjFfWmNjZTZIR0RaakZIc3FreEhVWXBTTzMwX1UzVTJseVVvQkNJ?oc=5,0.0,Neutral
Google News,On GPS: Young women propel South Korea’s liberals to victory - CNN,"<a href=""https://news.google.com/rss/articles/CBMihAFBVV95cUxOTUczU3JxZTFkSC1oazJVVURad1R3QmtvZlY1Tmx4cHVRQ01vY0VwQ2Z1TEdjdHBPWWF2QUg4RWpJQ3dUaXJwZHQ4aEZwNENEQVJtd3g2SGNGV1IyRTBpR0o4N0dlc01fZGlJMC15SzZlUmxqNU9hVUo3WV9OT2JuNUlESUM?oc=5"" target=""_blank"">On GPS: Young women propel South Korea’s liberals to victory</a>&nbsp;&nbsp;<font color=""#6f6f6f"">CNN</font>",https://news.google.com/rss/articles/CBMihAFBVV95cUxOTUczU3JxZTFkSC1oazJVVURad1R3QmtvZlY1Tmx4cHVRQ01vY0VwQ2Z1TEdjdHBPWWF2QUg4RWpJQ3dUaXJwZHQ4aEZwNENEQVJtd3g2SGNGV1IyRTBpR0o4N0dlc01fZGlJMC15SzZlUmxqNU9hVUo3WV9OT2JuNUlESUM?oc=5,0.0,Neutral
Google News,Opinion | The Bluesky bubble hurts liberals and their causes - The Washington Post,"<a href=""https://news.google.com/rss/articles/CBMigwFBVV95cUxOaXVfVkp1enBKXzVmX29vbE9HdnNoTFlpcFZWRXc3T0loakFPd3U4NGE3c2RqeS1lR09sRXNaWUZadnpOcEJCaElFWmduVWhmVktoeW1iSktMcFZnWl9URmFnekxzVzAwblFuTldsMktWeWRTNkhVWUZlRlJvcExXY3BLRQ?oc=5"" target=""_blank"">Opinion | The Bluesky bubble hurts liberals and their causes</a>&nbsp;&nbsp;<font color=""#6f6f6f"">The Washington Post</font>",https://news.google.com/rss/articles/CBMigwFBVV95cUxOaXVfVkp1enBKXzVmX29vbE9HdnNoTFlpcFZWRXc3T0loakFPd3U4NGE3c2RqeS1lR09sRXNaWUZadnpOcEJCaElFWmduVWhmVktoeW1iSktMcFZnWl9URmFnekxzVzAwblFuTldsMktWeWRTNkhVWUZlRlJvcExXY3BLRQ?oc=5,-0.4767,Negative
Google News,Abortion: Europe’s not as liberal as you think - politico.eu,"<a href=""https://news.google.com/rss/articles/CBMikwFBVV95cUxNdVZXME9oY1Q3TUQ1V1ZHbm8zVTFnT3FDZzFrNXJweW93SHZLVnEtaWFvZnpQcGttZDlWOTB0eUpXNTAycWVJbEwzZEV6czFlbkZCaXNpcE9FdVdQREVZYlI4R0F6LTVfN092Vk5MUGF2WmI1UEdpZjE2VUk0RWhKOXZJOHpPSEYtZmZlWUVLdFVmN0U?oc=5"" target=""_blank"">Abortion: Europe’s not as liberal as you think</a>&nbsp;&nbsp;<font color=""#6f6f6f"">politico.eu</font>",https://news.google.com/rss/articles/CBMikwFBVV95cUxNdVZXME9oY1Q3TUQ1V1ZHbm8zVTFnT3FDZzFrNXJweW93SHZLVnEtaWFvZnpQcGttZDlWOTB0eUpXNTAycWVJbEwzZEV6czFlbkZCaXNpcE9FdVdQREVZYlI4R0F6LTVfN092Vk5MUGF2WmI1UEdpZjE2VUk0RWhKOXZJOHpPSEYtZmZlWUVLdFVmN0U?oc=5,0.0,Neutral
Google News,Dan Haar: Why progressive Democrats will not derail a Gov. Lamont reelection despite anger - CT Insider,"<a href=""https://news.google.com/rss/articles/CBMingFBVV95cUxOcWFfQ3o3SVBvYS1ORTMxajdfMVZ6bkIwZU56WU16M2VHamZPSFdoaE9qX1VQbEdvSTB0VU1JaWZ1d0lfQXRlei1WcndPaUw4Ui1OUGZvS2FOM2x2X19VRWpRNTJPWE56NXNWRzhaQUdZWjh4WTNxZGtKYkI5WkJTLUhEZE05ZTJVN0NiSXdIR1ZueW5hOWhaVlBmal9oQQ?oc=5"" target=""_blank"">Dan Haar: Why progressive Democrats will not derail a Gov. Lamont reelection despite anger</a>&nbsp;&nbsp;<font color=""#6f6f6f"">CT Insider</font>",https://news.google.com/rss/articles/CBMingFBVV95cUxOcWFfQ3o3SVBvYS1ORTMxajdfMVZ6bkIwZU56WU16M2VHamZPSFdoaE9qX1VQbEdvSTB0VU1JaWZ1d0lfQXRlei1WcndPaUw4Ui1OUGZvS2FOM2x2X19VRWpRNTJPWE56NXNWRzhaQUdZWjh4WTNxZGtKYkI5WkJTLUhEZE05ZTJVN0NiSXdIR1ZueW5hOWhaVlBmal9oQQ?oc=5,0.5975,Positive
Google News,Classical Liberalism Without Strong Gods - Quillette,"<a href=""https://news.google.com/rss/articles/CBMimgFBVV95cUxNZFNwaTF6ZjRjTWY3S2JyTGE5bUlGS2QzWkdBMW9ackJ4bjYyNmxWLXRkWlRzVmtBV0ZqUlFlXzZTVVpqZWYzYzJTcGV3aUNGN0RKRm43eWhxN2lUUnZFaGFTZThWRU83a2pDdVp3dmV5Y2J1UGtxYnRNQjRWLWllVjF2QXJpSUh6aHNvbExNS3NpX3BwYm5hZTJn?oc=5"" target=""_blank"">Classical Liberalism Without Strong Gods</a>&nbsp;&nbsp;<font color=""#6f6f6f"">Quillette</font>",https://news.google.com/rss/articles/CBMimgFBVV95cUxNZFNwaTF6ZjRjTWY3S2JyTGE5bUlGS2QzWkdBMW9ackJ4bjYyNmxWLXRkWlRzVmtBV0ZqUlFlXzZTVVpqZWYzYzJTcGV3aUNGN0RKRm43eWhxN2lUUnZFaGFTZThWRU83a2pDdVp3dmV5Y2J1UGtxYnRNQjRWLWllVjF2QXJpSUh6aHNvbExNS3NpX3BwYm5hZTJn?oc=5,-0.4023,Negative
Google News,Are Conservatives Overstating the Violence in LA or are Liberal Media Outlets Downplaying It? - AllSides,"<a href=""https://news.google.com/rss/articles/CBMiwgFBVV95cUxNQjRseFZwNGViVlhFckZENEZqQXZBam5jT0tIanY2VFhuOVY5Q2tWRG5kYldlRS1yT0tWQ2VZYTVQUkNzSHdCQ2U3RlhTbWp0NHc2aC1yMjNPMFNaTTZhcmxsTXVhTnhYWDEwLXhDVmdTajUzdlVoaUhRQW5EYmN0V0pwMVZOcFhZdk5GQ3hnSlZvbTJrcHVwQzAyN0xuV1FZdEhXZ2tLLVp6dEU4SFdTVU1MbWNuSU5Va3NPdVUxZTBRUQ?oc=5"" target=""_blank"">Are Conservatives Overstating the Violence in LA or are Liberal Media Outlets Downplaying It?</a>&nbsp;&nbsp;<font color=""#6f6f6f"">AllSides</font>",https://news.google.com/rss/articles/CBMiwgFBVV95cUxNQjRseFZwNGViVlhFckZENEZqQXZBam5jT0tIanY2VFhuOVY5Q2tWRG5kYldlRS1yT0tWQ2VZYTVQUkNzSHdCQ2U3RlhTbWp0NHc2aC1yMjNPMFNaTTZhcmxsTXVhTnhYWDEwLXhDVmdTajUzdlVoaUhRQW5EYmN0V0pwMVZOcFhZdk5GQ3hnSlZvbTJrcHVwQzAyN0xuV1FZdEhXZ2tLLVp6dEU4SFdTVU1MbWNuSU5Va3NPdVUxZTBRUQ?oc=5,-0.6249,Negative
Google News,The Election Was Exhausting. Are Liberals Finally Getting Back in the Game? - GQ,"<a href=""https://news.google.com/rss/articles/CBMiVkFVX3lxTE8tQ1czeHRXUUZlMmFhQTlKcmszQkxIOV9OdWR5U3FkYzVMVlByQlFkbzBRZWNURjFlOWN4LXd4OFV6Y2RLWUJIaW4zeGx3djFObVg5T1ZB?oc=5"" target=""_blank"">The Election Was Exhausting. Are Liberals Finally Getting Back in the Game?</a>&nbsp;&nbsp;<font color=""#6f6f6f"">GQ</font>",https://news.google.com/rss/articles/CBMiVkFVX3lxTE8tQ1czeHRXUUZlMmFhQTlKcmszQkxIOV9OdWR5U3FkYzVMVlByQlFkbzBRZWNURjFlOWN4LXd4OFV6Y2RLWUJIaW4zeGx3djFObVg5T1ZB?oc=5,-0.3612,Negative
Google News,Liberals missed the boat on school spending accountability; Maryland aims to get on board - Maryland Matters,"<a href=""https://news.google.com/rss/articles/CBMixwFBVV95cUxQX1dwVnkwa3VlWE5ZMEJCSk45eGVnemZLZ3NrWkZmcEVjWkdiaTI1MmZWcGpsTUg5TkVDRnJxXzJGWDR5c3hrM2lVbnRUTlZpMUtkT3hDWGQ2S1VmNFRVVnhDSXdNbjZfemdSUS1iNGdKTDZYRENmdzc0SXUtV29kTEk0Rm5tanBKZ2dYaGFnbmhtQzI1R255T1FsNlNxN3ZYaGlBX0pUX2F3V2ZLZTU5NFpSc3ltdk1lcTBJa2RRdnBhbzQyU2Yw?oc=5"" target=""_blank"">Liberals missed the boat on school spending accountability; Maryland aims to get on board</a>&nbsp;&nbsp;<font color=""#6f6f6f"">Maryland Matters</font>",https://news.google.com/rss/articles/CBMixwFBVV95cUxQX1dwVnkwa3VlWE5ZMEJCSk45eGVnemZLZ3NrWkZmcEVjWkdiaTI1MmZWcGpsTUg5TkVDRnJxXzJGWDR5c3hrM2lVbnRUTlZpMUtkT3hDWGQ2S1VmNFRVVnhDSXdNbjZfemdSUS1iNGdKTDZYRENmdzc0SXUtV29kTEk0Rm5tanBKZ2dYaGFnbmhtQzI1R255T1FsNlNxN3ZYaGlBX0pUX2F3V2ZLZTU5NFpSc3ltdk1lcTBJa2RRdnBhbzQyU2Yw?oc=5,-0.2732,Negative
Google News,Republicans and Democrats on X differ over the site’s politics and their experiences - Pew Research Center,"<a href=""https://news.google.com/rss/articles/CBMi0AFBVV95cUxPOTVKNWZLWHh4ekQ1N1JQVzhmUDVxWjM1Y3VyWGlHZHZmelpzdDNwaVQ4TGI1c2c2d1BJRVZuVTZfNlh0UGl6RkNKRnh2b3liRHp3eTBwVjRwSGRyWjRFV19wUERsdm02MWNfSmRJbWpJUXVQc1pkODhWNVcwZEdWTlMzcTA3Wl9BMkEwWEJnRnZ5ZTBvRDZhcXZYQjJuYWh2QlJTOXZGMzZJajg2LWZObm1HVlVQWnVGbzZ2X0twTmVJZkU1dDNZT2VwNmlWOUJG?oc=5"" target=""_blank"">Republicans and Democrats on X differ over the site’s politics and their experiences</a>&nbsp;&nbsp;<font color=""#6f6f6f"">Pew Research Center</font>",https://news.google.com/rss/articles/CBMi0AFBVV95cUxPOTVKNWZLWHh4ekQ1N1JQVzhmUDVxWjM1Y3VyWGlHZHZmelpzdDNwaVQ4TGI1c2c2d1BJRVZuVTZfNlh0UGl6RkNKRnh2b3liRHp3eTBwVjRwSGRyWjRFV19wUERsdm02MWNfSmRJbWpJUXVQc1pkODhWNVcwZEdWTlMzcTA3Wl9BMkEwWEJnRnZ5ZTBvRDZhcXZYQjJuYWh2QlJTOXZGMzZJajg2LWZObm1HVlVQWnVGbzZ2X0twTmVJZkU1dDNZT2VwNmlWOUJG?oc=5,0.0,Neutral
Google News,Liberals and Conservatives in Canada split on Mark Carney and the country's direction after the election - YouGov,"<a href=""https://news.google.com/rss/articles/CBMiqgFBVV95cUxObjhXenFkaHh5eGFRUlVoQVBQZHNvZW1LZWl2R1E4Y1ZYR3RlbUdlS05ybUZQWnVENXMxV2F0aVZfWXNwbWVRSGJqYnRweUw5bHNoeTZ6b29GYVdQeGY4aHZSa3MzVVF0MHVudGN5R20wV1RpS280a0prSmtwZk14RVFiQ0NfMGhtR0x1bWV1RXR3Tm9Mdm9JTEF0eS16U21HYUJ3NFNPR0ZpQQ?oc=5"" target=""_blank"">Liberals and Conservatives in Canada split on Mark Carney and the country's direction after the election</a>&nbsp;&nbsp;<font color=""#6f6f6f"">YouGov</font>",https://news.google.com/rss/articles/CBMiqgFBVV95cUxObjhXenFkaHh5eGFRUlVoQVBQZHNvZW1LZWl2R1E4Y1ZYR3RlbUdlS05ybUZQWnVENXMxV2F0aVZfWXNwbWVRSGJqYnRweUw5bHNoeTZ6b29GYVdQeGY4aHZSa3MzVVF0MHVudGN5R20wV1RpS280a0prSmtwZk14RVFiQ0NfMGhtR0x1bWV1RXR3Tm9Mdm9JTEF0eS16U21HYUJ3NFNPR0ZpQQ?oc=5,0.0,Neutral
Google News,'Told You So': Liberals React as Trump-Musk Alliance Implodes in Real Time - Newsweek,"<a href=""https://news.google.com/rss/articles/CBMimgFBVV95cUxOam1pVmFkRllIUlBnTnBrNzhiS2JFWHJRX0xXblVrdHc2bGRJSXUzX2pTRE5LZE1wTGhUZXh3ejFvTl9VQ181bEF2VW5DNER4SjZnSnhGVXBJS01sSzlPSkZQMUo0M2JkMHk2Um5BaUNEejJqSm1wY09leGxhMnJMZ1lKSERUcEFEdV93V21SR216dlRBOUd4cnNn?oc=5"" target=""_blank"">'Told You So': Liberals React as Trump-Musk Alliance Implodes in Real Time</a>&nbsp;&nbsp;<font color=""#6f6f6f"">Newsweek</font>",https://news.google.com/rss/articles/CBMimgFBVV95cUxOam1pVmFkRllIUlBnTnBrNzhiS2JFWHJRX0xXblVrdHc2bGRJSXUzX2pTRE5LZE1wTGhUZXh3ejFvTl9VQ181bEF2VW5DNER4SjZnSnhGVXBJS01sSzlPSkZQMUo0M2JkMHk2Um5BaUNEejJqSm1wY09leGxhMnJMZ1lKSERUcEFEdV93V21SR216dlRBOUd4cnNn?oc=5,0.0,Neutral
Google News,Stalsworth: Among liberal Democrats and conservative Christians - Seguin Gazette,"<a href=""https://news.google.com/rss/articles/CBMi-wFBVV95cUxNNVd1aTVkaUFNN3hVMkF1LTdhcHRtTlc2SWkzbThhSndFR1FmSVA1cEVRSFlVbnljR2t0SlZOODkwX0p5a2NqalJnYXpnQlFGQVdIUjBsZzdqc2xsWXpSTnBDaXZoQTFDdnp4SjBrSGtjVXZ2cUVoWlB5a3dxbFZjUkVSTzZOaHhjc1ctZk9pY2plTU5OVDU2TnV5VU9xM0RpbUdjSDJwZnFKMDVkUjhzTm5YQjJTSkdZNW9wTUU5cGlxOE53Qkh0OU9uTUtzRzRaVzI4TWtjMUpiZ29BZ2NIV3FuTk9WSlRMbG91cDE3QU00MDRkRXcydWdlWQ?oc=5"" target=""_blank"">Stalsworth: Among liberal Democrats and conservative Christians</a>&nbsp;&nbsp;<font color=""#6f6f6f"">Seguin Gazette</font>",https://news.google.com/rss/articles/CBMi-wFBVV95cUxNNVd1aTVkaUFNN3hVMkF1LTdhcHRtTlc2SWkzbThhSndFR1FmSVA1cEVRSFlVbnljR2t0SlZOODkwX0p5a2NqalJnYXpnQlFGQVdIUjBsZzdqc2xsWXpSTnBDaXZoQTFDdnp4SjBrSGtjVXZ2cUVoWlB5a3dxbFZjUkVSTzZOaHhjc1ctZk9pY2plTU5OVDU2TnV5VU9xM0RpbUdjSDJwZnFKMDVkUjhzTm5YQjJTSkdZNW9wTUU5cGlxOE53Qkh0OU9uTUtzRzRaVzI4TWtjMUpiZ29BZ2NIV3FuTk9WSlRMbG91cDE3QU00MDRkRXcydWdlWQ?oc=5,0.0,Neutral
Google News,"LA liberals’ anti-ICE riots: Letters to the Editor — June 10, 2025 - New York Post","<a href=""https://news.google.com/rss/articles/CBMifkFVX3lxTE1oMnMzRE92cjlnRjIyU1hXbjd1VGhTdEN4RDZmaFhVSmYzNENxS3JtVm9JSE9TS1gxVjJuZVdtbERQRk4tV2ZwT0ZnekVGSldBUXF6RDlpa3AyR3pNeUI3UjZWTVg0RS1EMkJ5YzFwVFdpa0dYMmNpY1dHQldRUQ?oc=5"" target=""_blank"">LA liberals’ anti-ICE riots: Letters to the Editor — June 10, 2025</a>&nbsp;&nbsp;<font color=""#6f6f6f"">New York Post</font>",https://news.google.com/rss/articles/CBMifkFVX3lxTE1oMnMzRE92cjlnRjIyU1hXbjd1VGhTdEN4RDZmaFhVSmYzNENxS3JtVm9JSE9TS1gxVjJuZVdtbERQRk4tV2ZwT0ZnekVGSldBUXF6RDlpa3AyR3pNeUI3UjZWTVg0RS1EMkJ5YzFwVFdpa0dYMmNpY1dHQldRUQ?oc=5,-0.5106,Negative
Google News,No Yukon Liberal debate planned in leadership run as meet and greet set - Yukon News,"<a href=""https://news.google.com/rss/articles/CBMisAFBVV95cUxOeEl0V2w5TjBsOWlhNlBzdnJsVzVlZlRlaDdpQXZpU2RpZE9fbTlLUlpFMTQ0NVBIOEloWkFINGMtTTVMM2NzSXVNeXhSMTh6WFN0UC1kT1R1NjVHOUFYOXFWZkM3Nnc0MEZBYnc1YjV2bmhneVNMRWdQN3pPVG1WdDBqc1UzbC1iNUp3ZXQ2djk4VTByODFEaDM2OUdyV0I1djloU0cxWkJoTkFHTGJJVQ?oc=5"" target=""_blank"">No Yukon Liberal debate planned in leadership run as meet and greet set</a>&nbsp;&nbsp;<font color=""#6f6f6f"">Yukon News</font>",https://news.google.com/rss/articles/CBMisAFBVV95cUxOeEl0V2w5TjBsOWlhNlBzdnJsVzVlZlRlaDdpQXZpU2RpZE9fbTlLUlpFMTQ0NVBIOEloWkFINGMtTTVMM2NzSXVNeXhSMTh6WFN0UC1kT1R1NjVHOUFYOXFWZkM3Nnc0MEZBYnc1YjV2bmhneVNMRWdQN3pPVG1WdDBqc1UzbC1iNUp3ZXQ2djk4VTByODFEaDM2OUdyV0I1djloU0cxWkJoTkFHTGJJVQ?oc=5,0.0258,Neutral
Google News,Can Jesse Singal save liberalism? He’s paid a steep cost for trans dissent - UnHerd,"<a href=""https://news.google.com/rss/articles/CBMibEFVX3lxTFBZUVhMTzU5ZTNSY3lfV1dlNEY0c0lZQWRQMXE0TnZFbzYwQjBvaFF4aGtLWWtOZWJYbkR4ZVBmTGFLSEV2SUViZGlrMERHa1dnOGwwVHVjc25xWFVoRktUMXlGak13LTlBR1BGdA?oc=5"" target=""_blank"">Can Jesse Singal save liberalism? He’s paid a steep cost for trans dissent</a>&nbsp;&nbsp;<font color=""#6f6f6f"">UnHerd</font>",https://news.google.com/rss/articles/CBMibEFVX3lxTFBZUVhMTzU5ZTNSY3lfV1dlNEY0c0lZQWRQMXE0TnZFbzYwQjBvaFF4aGtLWWtOZWJYbkR4ZVBmTGFLSEV2SUViZGlrMERHa1dnOGwwVHVjc25xWFVoRktUMXlGak13LTlBR1BGdA?oc=5,0.4939,Positive
Google News,Why the Liberals Won: Five Theories - American Enterprise Institute,"<a href=""https://news.google.com/rss/articles/CBMiigFBVV95cUxNYURqeWtLTHptTkJJNzBJRGN4N0xnSnB5NVNJODJja1piODdJamVWaElqOU9NcDRpczI2SUwtN1Fsa1d6RkRMTWphSmFkc1J5MVNuVzBpNjJSS2dHVmUyZDRMUGg4aTNTQ0t1SjBDN1dlVjZOV2V1UHUyTFM3TjBVZnFiOHpCRU56NXc?oc=5"" target=""_blank"">Why the Liberals Won: Five Theories</a>&nbsp;&nbsp;<font color=""#6f6f6f"">American Enterprise Institute</font>",https://news.google.com/rss/articles/CBMiigFBVV95cUxNYURqeWtLTHptTkJJNzBJRGN4N0xnSnB5NVNJODJja1piODdJamVWaElqOU9NcDRpczI2SUwtN1Fsa1d6RkRMTWphSmFkc1J5MVNuVzBpNjJSS2dHVmUyZDRMUGg4aTNTQ0t1SjBDN1dlVjZOV2V1UHUyTFM3TjBVZnFiOHpCRU56NXc?oc=5,0.5719,Positive
Google News,MAGA World and liberals have turned on Musk as Trump divorce turns friends to foe - The Independent,"<a href=""https://news.google.com/rss/articles/CBMipgFBVV95cUxNaUEwa29YRzJsV21HQ2c0MVZuM3ExYWE4ME1SVmdMa2phcG11NVJMQk1ObnE1VzZrOS1PNjRrSE9qZmM3UFJ4X1JMT2tac0VaaVd3WDFjbFYxNHlRU0V2TTFzM0tYOHh2UEdINWFrX2piT2dEN0twNDRRVzJVQVpPR1p5VzlXN1NzYWNtOUE1bVhsVUJ0dFNaYnlmdWhaNW82aG42N1hR?oc=5"" target=""_blank"">MAGA World and liberals have turned on Musk as Trump divorce turns friends to foe</a>&nbsp;&nbsp;<font color=""#6f6f6f"">The Independent</font>",https://news.google.com/rss/articles/CBMipgFBVV95cUxNaUEwa29YRzJsV21HQ2c0MVZuM3ExYWE4ME1SVmdMa2phcG11NVJMQk1ObnE1VzZrOS1PNjRrSE9qZmM3UFJ4X1JMT2tac0VaaVd3WDFjbFYxNHlRU0V2TTFzM0tYOHh2UEdINWFrX2piT2dEN0twNDRRVzJVQVpPR1p5VzlXN1NzYWNtOUE1bVhsVUJ0dFNaYnlmdWhaNW82aG42N1hR?oc=5,0.0516,Positive
Google News,Conservatives more likely than liberals to negotiate price - Cornell Chronicle,"<a href=""https://news.google.com/rss/articles/CBMilgFBVV95cUxOMmRWbGZXN3FxOFBodU1MWFdiT1BJQnAwVU9sMUVoV3RUY3Vxb2tzM3A0RWZ4MGVhNkhqT1VvTnVZa0gzdHdyREN1WDNMcUttdnY5SFJvUVFaNENJUVJkVURRMlJqMERGZjhodVNoZ1AxM0RIWmVKWWhpUWt1UmdNbTJ6clZ5dUlMVUFlVUJZakhNZHM2Zmc?oc=5"" target=""_blank"">Conservatives more likely than liberals to negotiate price</a>&nbsp;&nbsp;<font color=""#6f6f6f"">Cornell Chronicle</font>",https://news.google.com/rss/articles/CBMilgFBVV95cUxOMmRWbGZXN3FxOFBodU1MWFdiT1BJQnAwVU9sMUVoV3RUY3Vxb2tzM3A0RWZ4MGVhNkhqT1VvTnVZa0gzdHdyREN1WDNMcUttdnY5SFJvUVFaNENJUVJkVURRMlJqMERGZjhodVNoZ1AxM0RIWmVKWWhpUWt1UmdNbTJ6clZ5dUlMVUFlVUJZakhNZHM2Zmc?oc=5,0.0,Neutral
Google News,Canada’s Liberals are already thinking about how to remove Mark Carney. It’s not personal. - Politico,"<a href=""https://news.google.com/rss/articles/CBMiiwFBVV95cUxOYmN6OURhbWJsVDdtdFAtNjVvVmQxb2k5Q2YyUlRrLUdNVDFxQ1QwZGhHM2ZWZmVjXzIwYVRXSWFRY3FKYWs1Z3VaalFhWC1MOENFai03dVdiQ3Jta0lOWHI1SHdOVWpjdl93cmR6MkJaSi1SVHZsd3dETDZnajhwUnBaUUhVV1o1TllZ?oc=5"" target=""_blank"">Canada’s Liberals are already thinking about how to remove Mark Carney. It’s not personal.</a>&nbsp;&nbsp;<font color=""#6f6f6f"">Politico</font>",https://news.google.com/rss/articles/CBMiiwFBVV95cUxOYmN6OURhbWJsVDdtdFAtNjVvVmQxb2k5Q2YyUlRrLUdNVDFxQ1QwZGhHM2ZWZmVjXzIwYVRXSWFRY3FKYWs1Z3VaalFhWC1MOENFai03dVdiQ3Jta0lOWHI1SHdOVWpjdl93cmR6MkJaSi1SVHZsd3dETDZnajhwUnBaUUhVV1o1TllZ?oc=5,0.0,Neutral
Google News,"Douglas Murray: Liberals turn killers, racists, and haters into martyrs - New York Post","<a href=""https://news.google.com/rss/articles/CBMiqwFBVV95cUxQSXdaWlRZRGF6LWo1RnQ3VkRTWG80WXdpcEhERG1jYy1UVDM0WmpVYzI1VE40YzVCUFBfaG1XTFhnblQ5V0ZEeENRUllTdk1nQ3JjSzRlVlh4SThoVG9OVE9RU2dndl9SWFlDZlJKRnJ5c25yMU5tR2pNWS1TMVlCVjlFLUdXZVdLdGpTM3d6X1dfN2hGZmRvU0NreU1FMlAyem1wZ2dkcE52YU0?oc=5"" target=""_blank"">Douglas Murray: Liberals turn killers, racists, and haters into martyrs</a>&nbsp;&nbsp;<font color=""#6f6f6f"">New York Post</font>",https://news.google.com/rss/articles/CBMiqwFBVV95cUxQSXdaWlRZRGF6LWo1RnQ3VkRTWG80WXdpcEhERG1jYy1UVDM0WmpVYzI1VE40YzVCUFBfaG1XTFhnblQ5V0ZEeENRUllTdk1nQ3JjSzRlVlh4SThoVG9OVE9RU2dndl9SWFlDZlJKRnJ5c25yMU5tR2pNWS1TMVlCVjlFLUdXZVdLdGpTM3d6X1dfN2hGZmRvU0NreU1FMlAyem1wZ2dkcE52YU0?oc=5,-0.9001,Negative
Google News,15 Liberals And Conservatives Are Sharing The Political Opinions They Hold That Align With The Opposite Party - Yahoo,"<a href=""https://news.google.com/rss/articles/CBMikgFBVV95cUxNY3ZERE5fZ1ZPdEdmbjE1WW5xd1VKOERhb2dZQmJGTUx6VG1TUnR2c1dnc3VYb1ptd0ZxcVBzT0Fydy1kZ0NxQkQydmJ2TXJOdTd3ME9JNF9rRGRpak8xNDdybkNWQmNiLWt6NGkxdVlxaHpiR01OSnY2QlNlV2twRnNXVldnRVlEN0xfZnlLbjJJdw?oc=5"" target=""_blank"">15 Liberals And Conservatives Are Sharing The Political Opinions They Hold That Align With The Opposite Party</a>&nbsp;&nbsp;<font color=""#6f6f6f"">Yahoo</font>",https://news.google.com/rss/articles/CBMikgFBVV95cUxNY3ZERE5fZ1ZPdEdmbjE1WW5xd1VKOERhb2dZQmJGTUx6VG1TUnR2c1dnc3VYb1ptd0ZxcVBzT0Fydy1kZ0NxQkQydmJ2TXJOdTd3ME9JNF9rRGRpak8xNDdybkNWQmNiLWt6NGkxdVlxaHpiR01OSnY2QlNlV2twRnNXVldnRVlEN0xfZnlLbjJJdw?oc=5,0.6705,Positive
Google News,Canada’s Liberals celebrate a stunning win and as populist challenger Poilievre loses his seat - PBS,"<a href=""https://news.google.com/rss/articles/CBMixwFBVV95cUxQbS1EVnRjUlo1MXd2elFwWDA1NTVnbEFJVE1Xc0oxOXdyTk1QNnJNMEdZM0xJTE16VVA1WDJyS0RCVmsyeUJHOWJwQkxMNHBUWFNhcmY5bG0tMDFBR3V2Rm1Vd3BsWklLMXI4Wk9va3hoTkE4T2dPMVBUelNEelQyVE9zU3VJVGU1bFlBZXctVHY1ZWJyc3lpQ2xXclNDVTFQUi1Id1V2TUNsWG12Y2d3SzdEczUwUWJ5NTAzM1NpZ1VLZEtCZjdv0gHMAUFVX3lxTE1WMjFiNm9vSC16d2dNQXUzQlVESzhra2QwYWY1Z2owXzhLQVFidUtDa000TjJHMHZiLXlxVm5pbjR3aTFGN1Zsa2ZydHBDTHVzaHc3c3ZNZWM0eVdBN2pKY3VCU0Q5bUJXc3B4eFBzM1oyQVpzbFhOa0lLY21nUUNiYms3bGtwZHU5b2l1Mm50MUxJRDE5UzZBSkF1NzJGazM1a2hHdGNjUXlBNUVBSThaSUF3WXJLamVjM212VWZFclRBX25aRFRrVFdSUg?oc=5"" target=""_blank"">Canada’s Liberals celebrate a stunning win and as populist challenger Poilievre loses his seat</a>&nbsp;&nbsp;<font color=""#6f6f6f"">PBS</font>",https://news.google.com/rss/articles/CBMixwFBVV95cUxQbS1EVnRjUlo1MXd2elFwWDA1NTVnbEFJVE1Xc0oxOXdyTk1QNnJNMEdZM0xJTE16VVA1WDJyS0RCVmsyeUJHOWJwQkxMNHBUWFNhcmY5bG0tMDFBR3V2Rm1Vd3BsWklLMXI4Wk9va3hoTkE4T2dPMVBUelNEelQyVE9zU3VJVGU1bFlBZXctVHY1ZWJyc3lpQ2xXclNDVTFQUi1Id1V2TUNsWG12Y2d3SzdEczUwUWJ5NTAzM1NpZ1VLZEtCZjdv0gHMAUFVX3lxTE1WMjFiNm9vSC16d2dNQXUzQlVESzhra2QwYWY1Z2owXzhLQVFidUtDa000TjJHMHZiLXlxVm5pbjR3aTFGN1Zsa2ZydHBDTHVzaHc3c3ZNZWM0eVdBN2pKY3VCU0Q5bUJXc3B4eFBzM1oyQVpzbFhOa0lLY21nUUNiYms3bGtwZHU5b2l1Mm50MUxJRDE5UzZBSkF1NzJGazM1a2hHdGNjUXlBNUVBSThaSUF3WXJLamVjM212VWZFclRBX25aRFRrVFdSUg?oc=5,0.8519,Positive
Google News,There is No Post-Liberalism—Only Liberalism - The European Conservative,"<a href=""https://news.google.com/rss/articles/CBMiuwFBVV95cUxPQmNZbFVjaG5FWXJ0Z2I0UE16OGMzSFViUmlSMC1LcFhrc1B1ck9oM3dxSHJPZk9FaWFhWGZsczVCUzNQU3R0cG5rTmp4eDRoaE5aa1UzSjRKUE14aWtjNGRqS25MZnpxeGtGZDkweUl3c0ZCZkpqanl4cHdMemRYZlVDUDh3eHowLTd3cUJvMTBscXdFMzl6Q1NkQ2l3ZUV5ZmoxQkVoa2oteERMcHZZZHVzZGF4c1BGQ3lr?oc=5"" target=""_blank"">There is No Post-Liberalism—Only Liberalism</a>&nbsp;&nbsp;<font color=""#6f6f6f"">The European Conservative</font>",https://news.google.com/rss/articles/CBMiuwFBVV95cUxPQmNZbFVjaG5FWXJ0Z2I0UE16OGMzSFViUmlSMC1LcFhrc1B1ck9oM3dxSHJPZk9FaWFhWGZsczVCUzNQU3R0cG5rTmp4eDRoaE5aa1UzSjRKUE14aWtjNGRqS25MZnpxeGtGZDkweUl3c0ZCZkpqanl4cHdMemRYZlVDUDh3eHowLTd3cUJvMTBscXdFMzl6Q1NkQ2l3ZUV5ZmoxQkVoa2oteERMcHZZZHVzZGF4c1BGQ3lr?oc=5,-0.296,Negative
Google News,How Canada’s Liberals Won: The Regional Breakdown - American Enterprise Institute,"<a href=""https://news.google.com/rss/articles/CBMimwFBVV95cUxQaHY5VDFvSko3YjRZWjItRW5iQS1GM2VYQ1FsTjg0U0V1Zi1vejN5aU9NWk1LTUQtZWdBajFVQzh5Q214NE5vOGxzUFZ2UjFTV3VJd2Exa2dybE5rYlBEZXIxWjVnVnljUjdzX3NzckdxMkxWN0d1bXlhMDNpb0czMGl6TmdVcTJLdUlRcWVkREdEWGctU2tiQWFNRQ?oc=5"" target=""_blank"">How Canada’s Liberals Won: The Regional Breakdown</a>&nbsp;&nbsp;<font color=""#6f6f6f"">American Enterprise Institute</font>",https://news.google.com/rss/articles/CBMimwFBVV95cUxQaHY5VDFvSko3YjRZWjItRW5iQS1GM2VYQ1FsTjg0U0V1Zi1vejN5aU9NWk1LTUQtZWdBajFVQzh5Q214NE5vOGxzUFZ2UjFTV3VJd2Exa2dybE5rYlBEZXIxWjVnVnljUjdzX3NzckdxMkxWN0d1bXlhMDNpb0czMGl6TmdVcTJLdUlRcWVkREdEWGctU2tiQWFNRQ?oc=5,0.5719,Positive
Google News,Liberals table bill to speed up approvals for major 'national interest' projects - constructconnect.com,"<a href=""https://news.google.com/rss/articles/CBMi1wFBVV95cUxNZndPUkpGMFV3QkRuRHRQRUhBNGk4aGJ5UHYtQjhIYTJKTlN3T1QwMGdwcE94SFgzQmd0OTF2T3FMOFIwOElqd0ptb1ZIY1hIN2VTeGtoZUZlUHVfcUZiYjBIZFloRzZYQTN1RjFaT3VHb18xYzNSYTc2Z1hyeDEzbUpJRmYwdTVzUWFqaGc3TzdTc0JEOTRmb2U5d0RmNHlYNGt1T1Y5dEJ0cFJjNmNTSWF4Z0paTzB0YUF0QUdYSUlSbXZhM2Vwb3RZSXJ5bXFpS21KajlVbw?oc=5"" target=""_blank"">Liberals table bill to speed up approvals for major 'national interest' projects</a>&nbsp;&nbsp;<font color=""#6f6f6f"">constructconnect.com</font>",https://news.google.com/rss/articles/CBMi1wFBVV95cUxNZndPUkpGMFV3QkRuRHRQRUhBNGk4aGJ5UHYtQjhIYTJKTlN3T1QwMGdwcE94SFgzQmd0OTF2T3FMOFIwOElqd0ptb1ZIY1hIN2VTeGtoZUZlUHVfcUZiYjBIZFloRzZYQTN1RjFaT3VHb18xYzNSYTc2Z1hyeDEzbUpJRmYwdTVzUWFqaGc3TzdTc0JEOTRmb2U5d0RmNHlYNGt1T1Y5dEJ0cFJjNmNTSWF4Z0paTzB0YUF0QUdYSUlSbXZhM2Vwb3RZSXJ5bXFpS21KajlVbw?oc=5,0.4588,Positive
Google News,Is it any wonder liberals are having a mental health crisis? - New York Post,"<a href=""https://news.google.com/rss/articles/CBMinwFBVV95cUxQVUdOZ1lYZTJDZ1lBMExqdjNoUi1TSFV5dG5taVc3bjdXclNTdElYdVdGOW53SVh4WG1xaDZSOWp0X1lBT0EyWGhtMFFvX0Y0UHVZVEUtWnZzSDhZanpCeUFDSU1QZkFaa1JqZGlLcWdqWU9TbGM1V01xZUo4UXQwcVpFZGhnREFwemlXV182SGxYc2haVjUySlFpeTNTek0?oc=5"" target=""_blank"">Is it any wonder liberals are having a mental health crisis?</a>&nbsp;&nbsp;<font color=""#6f6f6f"">New York Post</font>",https://news.google.com/rss/articles/CBMinwFBVV95cUxQVUdOZ1lYZTJDZ1lBMExqdjNoUi1TSFV5dG5taVc3bjdXclNTdElYdVdGOW53SVh4WG1xaDZSOWp0X1lBT0EyWGhtMFFvX0Y0UHVZVEUtWnZzSDhZanpCeUFDSU1QZkFaa1JqZGlLcWdqWU9TbGM1V01xZUo4UXQwcVpFZGhnREFwemlXV182SGxYc2haVjUySlFpeTNTek0?oc=5,-0.6249,Negative
Google News,"The Occupation Is Destroying Israel From Within, and Liberals Can't Ignore It Anymore - Haaretz","<a href=""https://news.google.com/rss/articles/CBMilgJBVV95cUxQVGY0Q1FuY0U5MDkwYVhMVUxQa0xzcnpCS191TFA1SUtiRXNlRlNLdDBvQjZ1Zld5R1VTVEFnd0djZE1kemx6TnJIR3BjcXJIZzdBeHM2NnZLS1hUTFpmelNWRkVmektKcV9NTTFRNmN6VW1WT2lwSXptbUFhem5hQm1tZmVGaFNvcW9HZmk5RmRDYzZkSVl2NjRodEdFMGZuR3R4NjRrSHdkQU0wNDZ6UVFIcTJPd2pwT24xWGtIMkhkMVpvMnN0ZEZSSXZKZ1dUYjR5RkxiOEFSVVdiNmdNOVhUczhycGJ0WDFITl9iOGtHdHA3RmU0d3AyUG5DV2JxM1BlM29Kdy1fQmpZN0tFQ04yN1M3dw?oc=5"" target=""_blank"">The Occupation Is Destroying Israel From Within, and Liberals Can't Ignore It Anymore</a>&nbsp;&nbsp;<font color=""#6f6f6f"">Haaretz</font>",https://news.google.com/rss/articles/CBMilgJBVV95cUxQVGY0Q1FuY0U5MDkwYVhMVUxQa0xzcnpCS191TFA1SUtiRXNlRlNLdDBvQjZ1Zld5R1VTVEFnd0djZE1kemx6TnJIR3BjcXJIZzdBeHM2NnZLS1hUTFpmelNWRkVmektKcV9NTTFRNmN6VW1WT2lwSXptbUFhem5hQm1tZmVGaFNvcW9HZmk5RmRDYzZkSVl2NjRodEdFMGZuR3R4NjRrSHdkQU0wNDZ6UVFIcTJPd2pwT24xWGtIMkhkMVpvMnN0ZEZSSXZKZ1dUYjR5RkxiOEFSVVdiNmdNOVhUczhycGJ0WDFITl9iOGtHdHA3RmU0d3AyUG5DV2JxM1BlM29Kdy1fQmpZN0tFQ04yN1M3dw?oc=5,-0.3591,Negative
Google News,Tasha Kheiriddin: Liberals finally making Canada's defence a priority - National Post,"<a href=""https://news.google.com/rss/articles/CBMiogFBVV95cUxQYTd6cXozeXRlNFlqbGVLSGdLRFVOdHk1RzMyNjNINW9hSXRtRDFQWTA2RUhpNjhYcUFrZ1R4YzlYLTNwUG9PSDdNU0J1Qkx5TDVtZUNaOXdDcUwzUkFaWnFBMkhLVm82c0pFQ1FmckhuU0xLc252NDhWQXBQZk5GclFib05JZ3RSeEVWYlByRjVEa3FOWE5xdElpNU9CWFRpTkE?oc=5"" target=""_blank"">Tasha Kheiriddin: Liberals finally making Canada's defence a priority</a>&nbsp;&nbsp;<font color=""#6f6f6f"">National Post</font>",https://news.google.com/rss/articles/CBMiogFBVV95cUxQYTd6cXozeXRlNFlqbGVLSGdLRFVOdHk1RzMyNjNINW9hSXRtRDFQWTA2RUhpNjhYcUFrZ1R4YzlYLTNwUG9PSDdNU0J1Qkx5TDVtZUNaOXdDcUwzUkFaWnFBMkhLVm82c0pFQ1FmckhuU0xLc252NDhWQXBQZk5GclFib05JZ3RSeEVWYlByRjVEa3FOWE5xdElpNU9CWFRpTkE?oc=5,0.1027,Positive
Google News,"POLL: Conservatives more optimistic, liberals more concerned about free speech in 2025 - FIRE | Foundation for Individual Rights and Expression","<a href=""https://news.google.com/rss/articles/CBMirwFBVV95cUxQdjQ1WFZ0RTJDSE9vM0hBajRORGF4VjVpOFY5LW52ZzhoaFd6LVdsWGhVVFhncjBXaXpOTDFFRFlUd2VURFpWajBmQmlOSWE3Mkk5Q3ZxcEdfM25hSXdYQXQ5R3F3SUxZZXhUb2xDQjByelhZQjNPUjJmREdmWDBDekdWb3ZWaTBnOGZqMzlsbklubTh3clZFNTZNeC1LVVpuRWJVbGlkQ0Y3eUpoOEY0?oc=5"" target=""_blank"">POLL: Conservatives more optimistic, liberals more concerned about free speech in 2025</a>&nbsp;&nbsp;<font color=""#6f6f6f"">FIRE | Foundation for Individual Rights and Expression</font>",https://news.google.com/rss/articles/CBMirwFBVV95cUxQdjQ1WFZ0RTJDSE9vM0hBajRORGF4VjVpOFY5LW52ZzhoaFd6LVdsWGhVVFhncjBXaXpOTDFFRFlUd2VURFpWajBmQmlOSWE3Mkk5Q3ZxcEdfM25hSXdYQXQ5R3F3SUxZZXhUb2xDQjByelhZQjNPUjJmREdmWDBDekdWb3ZWaTBnOGZqMzlsbklubTh3clZFNTZNeC1LVVpuRWJVbGlkQ0Y3eUpoOEY0?oc=5,0.4631,Positive
Google News,Why are liberals and conservatives both outraged about judge shopping? - Northeastern Global News,"<a href=""https://news.google.com/rss/articles/CBMidEFVX3lxTFBHeFc1V0lFc081M2RCM2h4OUdPUkV2eFFkTHVsSGpSTmxkUE9fcmF3cFBVWTl3LWQ3TEJub2h3LXdMM1p3NF9fSFBtREowa21ZczJ6TzBmWEdHeWZPenIzdXZnY2JmZThVbERzWDFZTjJlUjhM?oc=5"" target=""_blank"">Why are liberals and conservatives both outraged about judge shopping?</a>&nbsp;&nbsp;<font color=""#6f6f6f"">Northeastern Global News</font>",https://news.google.com/rss/articles/CBMidEFVX3lxTFBHeFc1V0lFc081M2RCM2h4OUdPUkV2eFFkTHVsSGpSTmxkUE9fcmF3cFBVWTl3LWQ3TEJub2h3LXdMM1p3NF9fSFBtREowa21ZczJ6TzBmWEdHeWZPenIzdXZnY2JmZThVbERzWDFZTjJlUjhM?oc=5,-0.5423,Negative
Google News,"Mark Carney’s Liberals win Canadian election upended by Trump, Conservative challenger loses his seat - PBS","<a href=""https://news.google.com/rss/articles/CBMirAFBVV95cUxQbGtDVXJKaDVRLURyWjZycDM2Y3JlOW1hbVJDYV8zTVN6Z0RyM0Jqa3dDTWQtTDdQMU9PVEpnamp0TzFwTDJXcUt4WkV5MTFjWWNnTjBIQ3V1c1cyNUpsQlUxSEtvdFE2VFJ5ejdkU0ZXc1VNZ2tMdENYamtKb0ZIZVhYcnhRb1N6T2Qxc29UUzBqbm9kQWQyUE84VGxXcmdkSkVSbGdjS2ZpbElR0gGyAUFVX3lxTFBhMXk5UHFuSDBsWW9qcTZZX19PU0U3VlNmZEVHbHBWUDdDTzUtZzgxdm5YNmxBTnVDWDktVkwyOEZTMVotbDM3Q0o4Z3g5WnlualNHTVVfZng1QXR0NWVGdHFLN04xcXNjSHg5QkwzVWVPYzBlT2lLODRnZHoxeEQ2b0dOU2ZWY0pGdUFQcU16b0JEamNyeHB3c2FkcUNvVEEyOXRCUEotZkFEczMzV3ZQdVE?oc=5"" target=""_blank"">Mark Carney’s Liberals win Canadian election upended by Trump, Conservative challenger loses his seat</a>&nbsp;&nbsp;<font color=""#6f6f6f"">PBS</font>",https://news.google.com/rss/articles/CBMirAFBVV95cUxQbGtDVXJKaDVRLURyWjZycDM2Y3JlOW1hbVJDYV8zTVN6Z0RyM0Jqa3dDTWQtTDdQMU9PVEpnamp0TzFwTDJXcUt4WkV5MTFjWWNnTjBIQ3V1c1cyNUpsQlUxSEtvdFE2VFJ5ejdkU0ZXc1VNZ2tMdENYamtKb0ZIZVhYcnhRb1N6T2Qxc29UUzBqbm9kQWQyUE84VGxXcmdkSkVSbGdjS2ZpbElR0gGyAUFVX3lxTFBhMXk5UHFuSDBsWW9qcTZZX19PU0U3VlNmZEVHbHBWUDdDTzUtZzgxdm5YNmxBTnVDWDktVkwyOEZTMVotbDM3Q0o4Z3g5WnlualNHTVVfZng1QXR0NWVGdHFLN04xcXNjSHg5QkwzVWVPYzBlT2lLODRnZHoxeEQ2b0dOU2ZWY0pGdUFQcU16b0JEamNyeHB3c2FkcUNvVEEyOXRCUEotZkFEczMzV3ZQdVE?oc=5,0.4588,Positive
Google News,"""Post-communists and liberal-leftists"" trying to distort election result, claims Polish president - Notes From Poland","<a href=""https://news.google.com/rss/articles/CBMizwFBVV95cUxOWHNZbTlZell2WXdBN2VxV1FwZV9iaFVPMU9hM3F4ZUdBZmNLNVVrR1JDVU1qQjNqMGZDVENXamdRclBIUmlDWG9pQWFJa2U1ajY2S1FtMWhINlkyMTN5TGtkZ3lXTHpXakVmclFtUFRFcC1vOWxSQTBIOFpCMVNWVlo2RFNtdV85UEU5aG10V2ZDMTl4RGFzZTFQc05oQ2szbHNrTnNVM09iU1Bic0FwMDc1c2lfc2dZNXRUWnRJMDBDV21sNzBQZzdLaTJNekU?oc=5"" target=""_blank"">""Post-communists and liberal-leftists"" trying to distort election result, claims Polish president</a>&nbsp;&nbsp;<font color=""#6f6f6f"">Notes From Poland</font>",https://news.google.com/rss/articles/CBMizwFBVV95cUxOWHNZbTlZell2WXdBN2VxV1FwZV9iaFVPMU9hM3F4ZUdBZmNLNVVrR1JDVU1qQjNqMGZDVENXamdRclBIUmlDWG9pQWFJa2U1ajY2S1FtMWhINlkyMTN5TGtkZ3lXTHpXakVmclFtUFRFcC1vOWxSQTBIOFpCMVNWVlo2RFNtdV85UEU5aG10V2ZDMTl4RGFzZTFQc05oQ2szbHNrTnNVM09iU1Bic0FwMDc1c2lfc2dZNXRUWnRJMDBDV21sNzBQZzdLaTJNekU?oc=5,-0.3182,Negative
Google News,The Liberal Supreme Court Justices Keep Joining Conservatives. It’s Clear What They’re Doing. - Slate Magazine,"<a href=""https://news.google.com/rss/articles/CBMipwFBVV95cUxNcXQ4N2JuN3JnaUtlLUpkbTdxbWhQOWpHZUt5Wk5INk1VQXFra2g0cDZpS3NrMjd4M3AwdVlJeEFKSzV3Q1EtSU00Tk1RaXUteDVYMW01YUNpRnBmUzRYdWN6UFZZYy1ySG1UdXdPRHotaGk4ck9yVWdoSGFqZkx6WklRcXhGLXdmZzk4bkxkV3MtVkJhNVpTWFpLRHdkUW5KelFBb0FYVQ?oc=5"" target=""_blank"">The Liberal Supreme Court Justices Keep Joining Conservatives. It’s Clear What They’re Doing.</a>&nbsp;&nbsp;<font color=""#6f6f6f"">Slate Magazine</font>",https://news.google.com/rss/articles/CBMipwFBVV95cUxNcXQ4N2JuN3JnaUtlLUpkbTdxbWhQOWpHZUt5Wk5INk1VQXFra2g0cDZpS3NrMjd4M3AwdVlJeEFKSzV3Q1EtSU00Tk1RaXUteDVYMW01YUNpRnBmUzRYdWN6UFZZYy1ySG1UdXdPRHotaGk4ck9yVWdoSGFqZkx6WklRcXhGLXdmZzk4bkxkV3MtVkJhNVpTWFpLRHdkUW5KelFBb0FYVQ?oc=5,0.7351,Positive
Google News,‘Groundbreaker’ or ‘Kinda Dumb’? Liberals Spent Years Defending Karine Jean-Pierre Before Trashing Her White House Performance - freebeacon.com,"<a href=""https://news.google.com/rss/articles/CBMi6wFBVV95cUxNbWM0X3k0YnNVejY5R2VPTVVFR1hmb2J0X1ZuMk11bUFPY25zajNUZDFWWE13c1BsOHJvRU90MlQ2Qm1xcG5WdF9mTGpLcFVoNTh0eHlSdmJScmR4ZjU2S3hJQVlPVTFsTkRIZlNJdmdqbnVLRkxOYnNCYnRMNENJNGZKaWd1V0FubXZvVkRweTRNQUktZ3RtWWMyWllJSFVJYVRnZ1RfRnU1UGRMNEpMNjVTUDUwazduTUh5SF9HaWZTc3RYRnVaN3NGVFVKYVBJNFl4SHpvNWFVN1VsYm1Yd0dDNlEtNGc4aFVN?oc=5"" target=""_blank"">‘Groundbreaker’ or ‘Kinda Dumb’? Liberals Spent Years Defending Karine Jean-Pierre Before Trashing Her White House Performance</a>&nbsp;&nbsp;<font color=""#6f6f6f"">freebeacon.com</font>",https://news.google.com/rss/articles/CBMi6wFBVV95cUxNbWM0X3k0YnNVejY5R2VPTVVFR1hmb2J0X1ZuMk11bUFPY25zajNUZDFWWE13c1BsOHJvRU90MlQ2Qm1xcG5WdF9mTGpLcFVoNTh0eHlSdmJScmR4ZjU2S3hJQVlPVTFsTkRIZlNJdmdqbnVLRkxOYnNCYnRMNENJNGZKaWd1V0FubXZvVkRweTRNQUktZ3RtWWMyWllJSFVJYVRnZ1RfRnU1UGRMNEpMNjVTUDUwazduTUh5SF9HaWZTc3RYRnVaN3NGVFVKYVBJNFl4SHpvNWFVN1VsYm1Yd0dDNlEtNGc4aFVN?oc=5,0.0,Neutral
Google News,Conservatives slam Liberals over ‘scathing’ AG report on ArriveCan app - Global News,"<a href=""https://news.google.com/rss/articles/CBMiqgFBVV95cUxNQ1dWTV91eVZTR3dFamc0UTlLRm8xZzRzQmJxSTlZNWhoeS1mOUtVMTVDNm5oRDZBQmNLUW1OMVF3UTkxTF9fMzZfcV91ekVnejhjU0xocy16YkVVdEF4bWhGUkdMSU44TldKeFI0MzBBNTBrRmtUQ2NnaW91bGJCdWlNT2pKNWIxOWx2cVpvaHFBMzhJMUR4WVFocVBnam9USnVtX0dmRG53QdIBrwFBVV95cUxNSEw3YUtXb0ZRc1FnTUNUd3U1dkphWnJFbU80Ukk2SGNQdUI4MGxaYjhLSUF3UWR2allYZTFYa2pkOHloY3Q5dUFPZFBQOHdNMmt2NHItMWZZWllNWlV0UXFaNlQ1TkpJNHV4a0wwX2NnVEFVcjJIa05QT0FjYkFzR3d2ZldTMDhNNmJ4cWo4VkJqbHZsUzU5d3NQMkNSV20zNHFWS2owRnRWLVkzWXA0?oc=5"" target=""_blank"">Conservatives slam Liberals over ‘scathing’ AG report on ArriveCan app</a>&nbsp;&nbsp;<font color=""#6f6f6f"">Global News</font>",https://news.google.com/rss/articles/CBMiqgFBVV95cUxNQ1dWTV91eVZTR3dFamc0UTlLRm8xZzRzQmJxSTlZNWhoeS1mOUtVMTVDNm5oRDZBQmNLUW1OMVF3UTkxTF9fMzZfcV91ekVnejhjU0xocy16YkVVdEF4bWhGUkdMSU44TldKeFI0MzBBNTBrRmtUQ2NnaW91bGJCdWlNT2pKNWIxOWx2cVpvaHFBMzhJMUR4WVFocVBnam9USnVtX0dmRG53QdIBrwFBVV95cUxNSEw3YUtXb0ZRc1FnTUNUd3U1dkphWnJFbU80Ukk2SGNQdUI4MGxaYjhLSUF3UWR2allYZTFYa2pkOHloY3Q5dUFPZFBQOHdNMmt2NHItMWZZWllNWlV0UXFaNlQ1TkpJNHV4a0wwX2NnVEFVcjJIa05QT0FjYkFzR3d2ZldTMDhNNmJ4cWo4VkJqbHZsUzU5d3NQMkNSV20zNHFWS2owRnRWLVkzWXA0?oc=5,-0.3818,Negative
Google News,Opinion | The one thing liberals need to address before the June parade - The Washington Post,"<a href=""https://news.google.com/rss/articles/CBMilwFBVV95cUxQb2daeV9XOWFFOFpUcEpmeVY3Um9XdUVsWkFaSEszczN3UGdXRnZzU3FpMVlhanRxNTJPeUdWMzVWeThOZ2Y1LTFseGN2Wkp3NDdEcktwdldUOFZrX2Q3cVNCX3lkaFFYN1hxdGZ3Ykx2SDh0cXZWeTZwMVJxRVgxMU4wUW1ELWY0OXNxbDFObjI0SGFTZGJr?oc=5"" target=""_blank"">Opinion | The one thing liberals need to address before the June parade</a>&nbsp;&nbsp;<font color=""#6f6f6f"">The Washington Post</font>",https://news.google.com/rss/articles/CBMilwFBVV95cUxQb2daeV9XOWFFOFpUcEpmeVY3Um9XdUVsWkFaSEszczN3UGdXRnZzU3FpMVlhanRxNTJPeUdWMzVWeThOZ2Y1LTFseGN2Wkp3NDdEcktwdldUOFZrX2Q3cVNCX3lkaFFYN1hxdGZ3Ykx2SDh0cXZWeTZwMVJxRVgxMU4wUW1ELWY0OXNxbDFObjI0SGFTZGJr?oc=5,0.0,Neutral
Google News,Bill Maher Suggests Liberals Bring Joe Rogan & Elon Musk Back Into The Fold - Deadline,"<a href=""https://news.google.com/rss/articles/CBMiiAFBVV95cUxNa1RHbzd4MkxfY0V2ZXZBUVRqektHV093d0pCUlYyZjd0YU02WkgwQl9pcDk0NzIzNktPMUhlRS1GMWxoOUFVbEprel81R2JWRV9RWHlMQmNEWjEwOE44NzN2Rzc0ZVJnRGJHWi1aNGhLejM5SEg0d1Vic3k1RWpjX3RWR3l3bndR?oc=5"" target=""_blank"">Bill Maher Suggests Liberals Bring Joe Rogan & Elon Musk Back Into The Fold</a>&nbsp;&nbsp;<font color=""#6f6f6f"">Deadline</font>",https://news.google.com/rss/articles/CBMiiAFBVV95cUxNa1RHbzd4MkxfY0V2ZXZBUVRqektHV093d0pCUlYyZjd0YU02WkgwQl9pcDk0NzIzNktPMUhlRS1GMWxoOUFVbEprel81R2JWRV9RWHlMQmNEWjEwOE44NzN2Rzc0ZVJnRGJHWi1aNGhLejM5SEg0d1Vic3k1RWpjX3RWR3l3bndR?oc=5,0.0,Neutral
Google News,Why Liberals Struggle to Cope With Epochal Change - The Atlantic,"<a href=""https://news.google.com/rss/articles/CBMilgFBVV95cUxORFpuTUJ3bzQ5V29IRldvaVJ0eG1GenM1Z0ZnTTYyNzhKMHl2bGZIS2JPNkdiUmdIYkZ3LWZ1TUlRdk9QOFNvZE9Xa0xtejItUGFYRUROcnNrMjdrdTlqdTJISHNzSGpEd2xQOW1WeWg2dkJJdU9GcTdBRVZ6TmZ1OTdEWmE3YmJnSlF0a1BzMEc4N2JwcHc?oc=5"" target=""_blank"">Why Liberals Struggle to Cope With Epochal Change</a>&nbsp;&nbsp;<font color=""#6f6f6f"">The Atlantic</font>",https://news.google.com/rss/articles/CBMilgFBVV95cUxORFpuTUJ3bzQ5V29IRldvaVJ0eG1GenM1Z0ZnTTYyNzhKMHl2bGZIS2JPNkdiUmdIYkZ3LWZ1TUlRdk9QOFNvZE9Xa0xtejItUGFYRUROcnNrMjdrdTlqdTJISHNzSGpEd2xQOW1WeWg2dkJJdU9GcTdBRVZ6TmZ1OTdEWmE3YmJnSlF0a1BzMEc4N2JwcHc?oc=5,-0.3182,Negative
Google News,Liberals considering arming the Coast Guard amid significant pivot towards new security mandate - Yahoo News Canada,"<a href=""https://news.google.com/rss/articles/CBMihwFBVV95cUxOY3FGV3pjWkkzTzBJVmJrZmp4TnplMWRzemhYT2JKNC1vYXA4aHJ2aTdoVzV4SmRtOXZ1T2JBSDdDUTJ6eHdYUlFjQTZUR1RSX3QzWWFhUzZpalFuRU5hcTVnSUY5Ykxxclo1cEROZlVQaWE4MmRBN2FLd2dEZkZPN2pqTDdGNVE?oc=5"" target=""_blank"">Liberals considering arming the Coast Guard amid significant pivot towards new security mandate</a>&nbsp;&nbsp;<font color=""#6f6f6f"">Yahoo News Canada</font>",https://news.google.com/rss/articles/CBMihwFBVV95cUxOY3FGV3pjWkkzTzBJVmJrZmp4TnplMWRzemhYT2JKNC1vYXA4aHJ2aTdoVzV4SmRtOXZ1T2JBSDdDUTJ6eHdYUlFjQTZUR1RSX3QzWWFhUzZpalFuRU5hcTVnSUY5Ykxxclo1cEROZlVQaWE4MmRBN2FLd2dEZkZPN2pqTDdGNVE?oc=5,0.4939,Positive
Google News,"Liberals, anti-Trump figures bash ABC for suspending Terry Moran over anti-Trump social media rant - Fox News","<a href=""https://news.google.com/rss/articles/CBMiwAFBVV95cUxOajdfU0JQUV92VUo5TE1TSUd2TlR4RHZxbnVRNlhYV0IzRVBVS3g1SnBYMmVPWkhlSVR3WERVLTgta3UzSWhtNXhraU9henpWaUVhcFNISEdYcE5qWG5kTFdWS2V0TlMtcmVTUkdZT3AtVGlDMFliWEVwQjNhNVNkX09mTkl3VU1xY0VGUEYwS3dmTlQtZTZQbWk0T2kwVWQ4U2FlaVRtenFRZ1dxaHdBTElsLXdVMUphZFliM2ZCbnLSAcYBQVVfeXFMTU1zd3ljWXlHMGhiQW5IbVo5allFdk1pSUttOHoyRjFlRTEwTzBZOEUxSlFTX3hHZVU1WEdHb25PRmFseXoxRVc0MTZ4c1RRcWZoRGoxUEFUTXJjZDZ5Qk1QUWYyYjlueG43XzR6TUxKLXRpajhuZFl3MWk4b01ONDJhNmJrSGpfdy0wTDcyV2FzWnpXS2xneExPOGhoaEJKZFNMNm14TVVFNWxtWjBuX1I3Ny1zbWdCZE43bldneTk2SURxelhR?oc=5"" target=""_blank"">Liberals, anti-Trump figures bash ABC for suspending Terry Moran over anti-Trump social media rant</a>&nbsp;&nbsp;<font color=""#6f6f6f"">Fox News</font>",https://news.google.com/rss/articles/CBMiwAFBVV95cUxOajdfU0JQUV92VUo5TE1TSUd2TlR4RHZxbnVRNlhYV0IzRVBVS3g1SnBYMmVPWkhlSVR3WERVLTgta3UzSWhtNXhraU9henpWaUVhcFNISEdYcE5qWG5kTFdWS2V0TlMtcmVTUkdZT3AtVGlDMFliWEVwQjNhNVNkX09mTkl3VU1xY0VGUEYwS3dmTlQtZTZQbWk0T2kwVWQ4U2FlaVRtenFRZ1dxaHdBTElsLXdVMUphZFliM2ZCbnLSAcYBQVVfeXFMTU1zd3ljWXlHMGhiQW5IbVo5allFdk1pSUttOHoyRjFlRTEwTzBZOEUxSlFTX3hHZVU1WEdHb25PRmFseXoxRVc0MTZ4c1RRcWZoRGoxUEFUTXJjZDZ5Qk1QUWYyYjlueG43XzR6TUxKLXRpajhuZFl3MWk4b01ONDJhNmJrSGpfdy0wTDcyV2FzWnpXS2xneExPOGhoaEJKZFNMNm14TVVFNWxtWjBuX1I3Ny1zbWdCZE43bldneTk2SURxelhR?oc=5,-0.34,Negative
Google News,Australia's Liberal-National coalition splits after election thrashing - BBC,"<a href=""https://news.google.com/rss/articles/CBMiWkFVX3lxTE1fUUxmVnRsckptRHBTYlYyS2lxaUxoMm02aVViOW5sb3JPNWwwYmNvOUVpbkVEMEVBTENTNHJvOUkwVTZlaktvNzRYQUp3OTVnLU9OYWRnQkZpUdIBX0FVX3lxTE90YVBOb1V2b2tzbkhxd3VLMzZEd2EzeExUS2M5cHZBRTFKM1dGYkpaTmtGRGRETWJ0OVNSRWJhUWN3YUpPd1Z3bjUxYThSRHZrbTc2RmNmUTRxOHFhTE1J?oc=5"" target=""_blank"">Australia's Liberal-National coalition splits after election thrashing</a>&nbsp;&nbsp;<font color=""#6f6f6f"">BBC</font>",https://news.google.com/rss/articles/CBMiWkFVX3lxTE1fUUxmVnRsckptRHBTYlYyS2lxaUxoMm02aVViOW5sb3JPNWwwYmNvOUVpbkVEMEVBTENTNHJvOUkwVTZlaktvNzRYQUp3OTVnLU9OYWRnQkZpUdIBX0FVX3lxTE90YVBOb1V2b2tzbkhxd3VLMzZEd2EzeExUS2M5cHZBRTFKM1dGYkpaTmtGRGRETWJ0OVNSRWJhUWN3YUpPd1Z3bjUxYThSRHZrbTc2RmNmUTRxOHFhTE1J?oc=5,0.0,Neutral
Google News,Opinion | I was born liberal. The ‘adults in the room’ still have a lot to learn. - The Washington Post,"<a href=""https://news.google.com/rss/articles/CBMikAFBVV95cUxObkxCc2hJTVNBa2JHOFhYSXA5ejZGRDhHbVNhODhqNURGQTF6YVprcjVhVFUzXzdGYjltOEEzamVrVWJXV0g1MnE5M0dZSl9UTjZKb2ptWThJVXFPRWpnNmRmMjZGRG84b1owd2JJQzg2SFA3SzFaUzA2UlUwZmV2OUE1UmlDWTdtTllIS0NlQ24?oc=5"" target=""_blank"">Opinion | I was born liberal. The ‘adults in the room’ still have a lot to learn.</a>&nbsp;&nbsp;<font color=""#6f6f6f"">The Washington Post</font>",https://news.google.com/rss/articles/CBMikAFBVV95cUxObkxCc2hJTVNBa2JHOFhYSXA5ejZGRDhHbVNhODhqNURGQTF6YVprcjVhVFUzXzdGYjltOEEzamVrVWJXV0g1MnE5M0dZSl9UTjZKb2ptWThJVXFPRWpnNmRmMjZGRG84b1owd2JJQzg2SFA3SzFaUzA2UlUwZmV2OUE1UmlDWTdtTllIS0NlQ24?oc=5,0.0,Neutral
Google News,Canada election 2025 results in charts - BBC,"<a href=""https://news.google.com/rss/articles/CBMiWkFVX3lxTE1UYzFjUU9sWk1jZWk1OTNRVC1YR2UtUkFMV2lqSVVlRUxVdk9NZE9NS0Y5aV93QmZBdFppNUN5b0Q5amZKNEVUbXkybjNaVVJxak91UTY3MXBpZ9IBX0FVX3lxTFBiZ2hsMWRwNnk5b1RiU044YmJnZUxxUEx6a0U4NTZncnY1dm9acUNHeHVqdTlDOHVSdURpVkM0ME1iZl8zdlNpOHBMUlV6OWR0RWJIZ1Aza3ppTnhrTkx3?oc=5"" target=""_blank"">Canada election 2025 results in charts</a>&nbsp;&nbsp;<font color=""#6f6f6f"">BBC</font>",https://news.google.com/rss/articles/CBMiWkFVX3lxTE1UYzFjUU9sWk1jZWk1OTNRVC1YR2UtUkFMV2lqSVVlRUxVdk9NZE9NS0Y5aV93QmZBdFppNUN5b0Q5amZKNEVUbXkybjNaVVJxak91UTY3MXBpZ9IBX0FVX3lxTFBiZ2hsMWRwNnk5b1RiU044YmJnZUxxUEx6a0U4NTZncnY1dm9acUNHeHVqdTlDOHVSdURpVkM0ME1iZl8zdlNpOHBMUlV6OWR0RWJIZ1Aza3ppTnhrTkx3?oc=5,0.0,Neutral
Google News,Canada's Liberals win minority government; Carney says old relationship with US 'is over' - Reuters,"<a href=""https://news.google.com/rss/articles/CBMirAFBVV95cUxQV0RYLThtbGNzM1NGcURHbXJqNi1FSmZtNWJVeWczWW5JS2ROSDNWdlR0Qk5Mdm85Z1JCSklJSW9KMEtvaTdQSzlmNGlDSzVIeEhlVFk2MjZYNzBlSEVxSE0zWGJ3RzRUYVlkZDkzdnIyWloxOVVUZmtkSWR0QmFMdmhXa0N3RjRwbUlnOTJObHNZbG41X0JraWhEeURxWUxFZFR2SDZNOF9BWkpZ?oc=5"" target=""_blank"">Canada's Liberals win minority government; Carney says old relationship with US 'is over'</a>&nbsp;&nbsp;<font color=""#6f6f6f"">Reuters</font>",https://news.google.com/rss/articles/CBMirAFBVV95cUxQV0RYLThtbGNzM1NGcURHbXJqNi1FSmZtNWJVeWczWW5JS2ROSDNWdlR0Qk5Mdm85Z1JCSklJSW9KMEtvaTdQSzlmNGlDSzVIeEhlVFk2MjZYNzBlSEVxSE0zWGJ3RzRUYVlkZDkzdnIyWloxOVVUZmtkSWR0QmFMdmhXa0N3RjRwbUlnOTJObHNZbG41X0JraWhEeURxWUxFZFR2SDZNOF9BWkpZ?oc=5,0.5859,Positive
Google News,‘Rambling rubbish’: inside the battle for the soul of the Liberal party in NSW - The Guardian,"<a href=""https://news.google.com/rss/articles/CBMiygFBVV95cUxOLVpvVkZWbDFYLTJnVWtZaW9mS2xEbDJyXy10ZTl6eWdEc0xfQWRNTzEtV3dncWpNWUozWWIxYmdUTldiYVY4Y2JYNGpEMnhDT0RGRm9FMmc4QjFXY25qWG5fZGNfUjZRYVloOUxJTHl0WlFhMGVBRzZjS3VRLTQ4dnJrREdMSEtydjI3NGVnQ1hLbnVXWFZkenpUT253aUNiTVdQa2h1X3pRVC12aE4tMXZCWTcwbHBGNld5c2tZQ3dvdmF6YTdZWHpB?oc=5"" target=""_blank"">‘Rambling rubbish’: inside the battle for the soul of the Liberal party in NSW</a>&nbsp;&nbsp;<font color=""#6f6f6f"">The Guardian</font>",https://news.google.com/rss/articles/CBMiygFBVV95cUxOLVpvVkZWbDFYLTJnVWtZaW9mS2xEbDJyXy10ZTl6eWdEc0xfQWRNTzEtV3dncWpNWUozWWIxYmdUTldiYVY4Y2JYNGpEMnhDT0RGRm9FMmc4QjFXY25qWG5fZGNfUjZRYVloOUxJTHl0WlFhMGVBRzZjS3VRLTQ4dnJrREdMSEtydjI3NGVnQ1hLbnVXWFZkenpUT253aUNiTVdQa2h1X3pRVC12aE4tMXZCWTcwbHBGNld5c2tZQ3dvdmF6YTdZWHpB?oc=5,0.0258,Neutral
Google News,Liberals considering arming the Coast Guard amid significant pivot towards new security mandate - MSN,"<a href=""https://news.google.com/rss/articles/CBMi3gFBVV95cUxNc2E5VkpVcURLSjZfdnI4R1hDLUZGbGhZRGdUMl9vQlUxRllGcUFEQkwtTVowUlFuQUNfaVFPRVJVM19XdC0tRDU4MF9fSVBGcXp0Sko0TWhNblJOZVNCamRsOHY5QnROODFMWGZxR0h0aFVEVFpldXdXazM2dWlYOHpUeDYtNjl4VE5PbGFScklPa1BWbnhKOEN2TG82MS15S0lUZTJRSllqdjFXcktaOEw5WFF0TjAwbE4taHhGdGJnSkVEOHEyUnNkanVHV3BnZ2FMdFducnlpb3BZWVE?oc=5"" target=""_blank"">Liberals considering arming the Coast Guard amid significant pivot towards new security mandate</a>&nbsp;&nbsp;<font color=""#6f6f6f"">MSN</font>",https://news.google.com/rss/articles/CBMi3gFBVV95cUxNc2E5VkpVcURLSjZfdnI4R1hDLUZGbGhZRGdUMl9vQlUxRllGcUFEQkwtTVowUlFuQUNfaVFPRVJVM19XdC0tRDU4MF9fSVBGcXp0Sko0TWhNblJOZVNCamRsOHY5QnROODFMWGZxR0h0aFVEVFpldXdXazM2dWlYOHpUeDYtNjl4VE5PbGFScklPa1BWbnhKOEN2TG82MS15S0lUZTJRSllqdjFXcktaOEw5WFF0TjAwbE4taHhGdGJnSkVEOHEyUnNkanVHV3BnZ2FMdFducnlpb3BZWVE?oc=5,0.4939,Positive
Google News,‘Our Constitution is easy prey’: Republican-led states try to shut down liberal ballot initiatives - CNN,"<a href=""https://news.google.com/rss/articles/CBMijgFBVV95cUxQeXQ0X2Z2c3Q0akJISW9mbm9VUG4yTm5WMU1QWDIxejAtQ0d2UTdiLXF5OThZNmR3MWY5QjZkM1FEZzNIM192Q0E1NEdZMVNhamNKZHV4NUhOT3dZSTk1YWR4d1d5Q25IMVFDTFJjcmd5bTB4bTVIYlhKVGQ0dGtib2VaUTEzNUw3a3JpMzJR0gGTAUFVX3lxTE44TVhwTi1mcDJCYnI5MFZWOVpjWEwtSUZGUFJ3c1ByY2piM0hJbWVzclkwOVBZRXRzUTVWazFTdW9oSGdNTXpCTnJtZkdrMDRveldTZ09SSUpZa3N0Z0d1X3h1bWI2R2hjWnNQTjFiTzJ1MGFrSy1VQk1ZUzREUWpaa1hTQ09KUldQOHFkdE5uU19MTQ?oc=5"" target=""_blank"">‘Our Constitution is easy prey’: Republican-led states try to shut down liberal ballot initiatives</a>&nbsp;&nbsp;<font color=""#6f6f6f"">CNN</font>",https://news.google.com/rss/articles/CBMijgFBVV95cUxQeXQ0X2Z2c3Q0akJISW9mbm9VUG4yTm5WMU1QWDIxejAtQ0d2UTdiLXF5OThZNmR3MWY5QjZkM1FEZzNIM192Q0E1NEdZMVNhamNKZHV4NUhOT3dZSTk1YWR4d1d5Q25IMVFDTFJjcmd5bTB4bTVIYlhKVGQ0dGtib2VaUTEzNUw3a3JpMzJR0gGTAUFVX3lxTE44TVhwTi1mcDJCYnI5MFZWOVpjWEwtSUZGUFJ3c1ByY2piM0hJbWVzclkwOVBZRXRzUTVWazFTdW9oSGdNTXpCTnJtZkdrMDRveldTZ09SSUpZa3N0Z0d1X3h1bWI2R2hjWnNQTjFiTzJ1MGFrSy1VQk1ZUzREUWpaa1hTQ09KUldQOHFkdE5uU19MTQ?oc=5,0.4404,Positive
